Date, Open,High, Low, Close, Volume
13-May-11,122.74,123.28,122.61,122.95,3.40B
16-May-11,122.94,122.94,121.59,122.03,1.71B
18-May-11,122.08,123.59,122.07,123.46,1.82B
19-May-11,123.48,124.16,123.44,123.81,1.63B
20-May-11,123.82,124.84,123.82,124.84,1.40B
23-May-11,124.78,124.78,121.55,122,1.99B
24-May-11,121.99,122.25,121.47,122.07,2.23B
25-May-11,122.04,122.04,121.31,121.86,1.94B
26-May-11,121.87,123.44,121.87,123.23,1.53B
27-May-11,123.22,124.1,122.31,123.91,1.05B
30-May-11,123.84,123.99,123.15,123.44,1.11B
31-May-11,123.45,123.94,123.05,123.81,2.45B
1-Jun-11,123.83,124.66,123.63,124.19,3.25B
3-Jun-11,124.18,124.18,123.27,123.95,1.72B
6-Jun-11,123.93,123.93,123.22,123.67,1.59B
7-Jun-11,123.65,123.76,122.91,123.74,2.49B
8-Jun-11,123.73,123.73,122.72,123.21,1.97B
9-Jun-11,123.19,123.19,122.13,122.48,2.24B
10-Jun-11,122.53,122.83,121.16,121.41,1.45B
13-Jun-11,121.39,121.39,119.33,120.27,2.23B
14-Jun-11,120.21,121.03,119.61,121.01,1.77B
15-Jun-11,121.02,122.06,121.02,121.5,1.98B
16-Jun-11,121.48,121.48,119.11,119.91,2.42B
17-Jun-11,119.85,120.2,118.37,119.03,2.33B
20-Jun-11,119.05,120.03,118.77,119.21,1.62B
21-Jun-11,119.24,121.29,119.24,121.19,2.31B
22-Jun-11,121.22,121.99,121.22,121.88,2.22B
23-Jun-11,121.86,122.29,121.23,121.95,2.16B
24-Jun-11,121.95,123.36,121.92,123.14,2.35B
27-Jun-11,123.13,123.13,121.82,122.06,1.67B
28-Jun-11,122.07,122.8,122.07,122.56,2.22B
30-Jun-11,122.57,124.53,122.57,124.29,2.13B
1-Jul-11,124.27,126.55,124.27,125.4,1.95B
4-Jul-11,125.41,126.98,125.41,126.83,2.17B
5-Jul-11,126.81,126.81,125.13,125.8,2.61B
6-Jul-11,125.77,126.39,124.93,125.39,2.56B
7-Jul-11,125.4,126.41,125.36,126.26,1.83B
8-Jul-11,126.28,128.27,126.28,128.24,1.71B
11-Jul-11,128.19,128.19,126.94,127.7,2.06B
12-Jul-11,127.68,127.68,125.39,125.9,2.21B
13-Jul-11,125.92,127.52,125.91,127.51,3.45B
14-Jul-11,127.51,128.02,127.32,128.02,2.86B
15-Jul-11,128.03,128.91,127.81,128.87,2.07B
18-Jul-11,128.93,130.15,128.91,129.69,2.05B
19-Jul-11,129.68,129.68,128.81,129.65,3.33B
20-Jul-11,129.66,130.9,129.66,130.9,4.69B
21-Jul-11,130.9,131.38,130.73,131.17,5.07B
22-Jul-11,131.29,132.82,131.29,132.66,4.23B
25-Jul-11,132.52,132.52,131.47,132.03,4.11B
26-Jul-11,131.99,133.5,131.95,133.5,5.03B
27-Jul-11,133.49,134.78,133.18,134.77,4.44B
28-Jul-11,134.65,134.65,133.07,133.75,3.09B
29-Jul-11,133.81,134.15,131.79,132.69,3.11B
1-Aug-11,132.75,134.66,132.75,134.52,4.21B
2-Aug-11,134.46,134.46,132.45,133.43,3.45B
3-Aug-11,133.41,133.41,130.46,132.27,3.07B
4-Aug-11,132.28,133.35,131.49,132.42,3.17B
5-Aug-11,132.28,132.28,124.33,125.8,4.95B
8-Aug-11,125.75,125.75,119.97,123.69,4.55B
9-Aug-11,123.43,124.43,115.41,119.31,5.62B
10-Aug-11,119.36,124.46,119.36,124.01,4.03B
11-Aug-11,124,124.78,122.06,124.75,3.66B
12-Aug-11,124.7,126.61,124.5,125.09,3.04B
15-Aug-11,125.1,127.72,125.1,127.66,2.65B
16-Aug-11,127.66,129.01,126.95,127.31,4.11B
18-Aug-11,127.35,129.93,127.35,129.93,2.80B
19-Aug-11,129.85,129.85,123.1,123.5,2.86B
22-Aug-11,123.56,124.38,121.43,124.35,2.17B
23-Aug-11,124.38,125.58,123.66,125.44,2.49B
24-Aug-11,125.5,126.39,124.12,124.43,2.71B
25-Aug-11,124.45,125.76,123.76,124.16,2.32B
26-Aug-11,124.04,124.25,122.49,124.08,1.40B
5-Sep-11,124.14,126.48,124.08,124.99,1.47B
6-Sep-11,124.95,126.37,123.8,126.3,1.66B
7-Sep-11,126.34,129.99,126.34,129.93,2.79B
8-Sep-11,129.94,130.51,129.02,129.53,2.32B
9-Sep-11,129.47,130.53,129.18,129.46,2.03B
12-Sep-11,129.38,129.38,125.94,126.53,1.76B
13-Sep-11,126.53,127.69,125.25,125.79,2.19B
14-Sep-11,125.81,126.69,122.68,123.87,2.48B
15-Sep-11,123.89,124.86,120.89,122.47,1.78B
16-Sep-11,122.54,125.07,122.54,124.34,1.75B
19-Sep-11,124.27,124.27,121.62,122.17,1.48B
20-Sep-11,122.15,122.15,119.45,121.97,2.30B
21-Sep-11,121.96,122.08,119.99,120.25,1.61B
22-Sep-11,120.15,120.15,109.15,109.68,2.92B
23-Sep-11,109.57,111.04,105.71,110.96,2.20B
26-Sep-11,110.91,111.19,103.69,106.89,2.88B
27-Sep-11,106.92,112.43,106.92,112.05,2.55B
28-Sep-11,112.07,114.05,111.39,113.42,2.56B
29-Sep-11,113.4,115.05,111.94,114.6,1.35B
30-Sep-11,114.61,116.11,114.4,115.42,1.80B
3-Oct-11,115.36,115.36,108.09,108.7,1.84B
4-Oct-11,108.6,109.05,106.19,106.64,1.98B
5-Oct-11,106.64,108.03,106.45,107.07,1.59B
6-Oct-11,107.09,111.55,107.09,111.43,2.41B
7-Oct-11,111.46,113.73,110.58,110.99,2.43B
10-Oct-11,110.92,111.6,110.44,111.28,1.28B
11-Oct-11,111.32,114.86,111.32,113.91,3.51B
12-Oct-11,113.35,117.11,112.98,117.03,4.86B
13-Oct-11,117.07,119.61,117.07,118.55,4.96B
14-Oct-11,118.53,118.9,117.23,118.07,2.61B
17-Oct-11,118.11,120.48,118.11,120.44,5.55B
18-Oct-11,120.37,120.37,116.4,117.51,3.57B
19-Oct-11,117.55,119.83,117.55,119.57,3.72B
20-Oct-11,119.54,119.54,116.45,117.44,1.88B
21-Oct-11,117.44,118.01,116.39,117.15,2.03B
24-Oct-11,117.18,120.05,117.18,119.69,3.50B
25-Oct-11,119.68,120.58,119.6,120.03,2.15B
26-Oct-11,120.03,120.86,119.21,120.81,2.14B
27-Oct-11,120.87,123.24,120.87,123.23,3.83B
28-Oct-11,123.3,125.3,123.23,124.14,3.14B
31-Oct-11,124.19,124.22,121.76,122.66,2.56B
1-Nov-11,122.61,122.88,119.01,119.17,2.77B
2-Nov-11,119.12,121.81,117.31,121.76,3.55B
3-Nov-11,121.78,121.78,119.1,119.58,2.64B
4-Nov-11,119.62,122.52,119.62,121.92,2.16B
7-Nov-11,121.89,122.25,121.08,121.6,1.41B
8-Nov-11,121.63,122.49,121.63,122.45,1.46B
9-Nov-11,122.5,124.45,122.5,124.42,1.77B
10-Nov-11,124.37,124.37,120.74,121.88,1.67B
11-Nov-11,121.91,122.56,121.51,121.91,1.16B
14-Nov-11,121.94,124.02,121.94,124,2.27B
15-Nov-11,124,124.02,122.9,123.36,1.22B
16-Nov-11,123.36,123.58,122.06,123.57,1.61B
17-Nov-11,123.54,123.54,122.67,123.02,1.08B
18-Nov-11,123.01,123.01,121.83,122.14,913.03M
21-Nov-11,122.12,122.12,119.18,119.7,1.17B
22-Nov-11,119.69,121.54,119.19,121.51,1.30B
23-Nov-11,121.45,121.45,119.42,120.28,1.10B
24-Nov-11,120.24,120.63,119.23,120.59,1.02B
25-Nov-11,120.59,120.59,118.13,118.72,994.01M
28-Nov-11,118.76,119.75,118.22,118.93,997.51M
29-Nov-11,118.94,120.98,118.92,120.26,1.23B
30-Nov-11,120.28,121.25,119.38,121.01,1.95B
1-Dec-11,121.03,123.91,121.03,122.6,2.22B
2-Dec-11,122.62,122.73,121.99,122.57,1.39B
5-Dec-11,122.61,123.37,122.18,122.92,1.46B
6-Dec-11,122.87,123.09,121.74,122.33,1.22B
7-Dec-11,122.37,123.62,122.37,123.61,2.04B
8-Dec-11,123.62,123.62,122.72,123.15,1.48B
9-Dec-11,123.11,123.11,121.5,122.43,1.41B
12-Dec-11,122.52,124.05,122.52,123.6,2.47B
13-Dec-11,123.56,123.56,122.05,123.11,2.53B
14-Dec-11,123.1,123.13,122.13,122.48,2.98B
15-Dec-11,122.45,122.45,119.67,120.67,2.23B
16-Dec-11,120.69,122.8,120.69,122.43,2.64B
19-Dec-11,122.43,122.93,122.06,122.59,1.76B
20-Dec-11,122.62,123.29,121.46,121.71,3.10B
21-Dec-11,121.73,123.76,121.73,123.57,3.06B
22-Dec-11,123.42,124.17,123.37,124.03,2.92B
23-Dec-11,124.05,124.83,123.33,123.84,1.71B
27-Dec-11,123.83,124.22,122.61,123.88,968.78M
28-Dec-11,123.89,123.89,122.57,123.47,1.50B
29-Dec-11,123.47,124.73,122.38,124.69,1.15B
30-Dec-11,124.7,125.42,124.7,125.36,1.90B
2-Jan-12,125.34,125.34,124.35,124.72,1.79B
3-Jan-12,124.69,126.58,124.69,126.56,3.20B
4-Jan-12,126.56,128.96,126.56,128.43,2.79B
5-Jan-12,128.44,129.47,128.27,128.76,2.19B
6-Jan-12,128.77,128.83,126.81,127.51,1.54B
9-Jan-12,127.47,128.04,126.86,127.98,2.48B
10-Jan-12,127.96,130.04,127.86,130.01,3.29B
11-Jan-12,130.02,130.45,128.26,128.56,1.85B
12-Jan-12,128.58,129.12,127.99,128.59,2.34B
13-Jan-12,128.56,129.89,128.56,129.67,2.69B
16-Jan-12,129.67,129.67,128.48,129.12,2.00B
17-Jan-12,129.15,130.68,129.15,130.64,3.32B
18-Jan-12,130.63,131.5,130.61,131.48,2.41B
19-Jan-12,131.5,132.91,131.5,132.06,2.83B
20-Jan-12,132.1,133.14,130.95,131.78,2.53B
24-Jan-12,131.81,134.44,131.81,132.27,1.22B
25-Jan-12,132.3,132.41,130.7,131.19,1.69B
26-Jan-12,131.2,131.8,130.6,131.8,2.51B
27-Jan-12,131.81,132.29,131.45,132.29,2.14B
30-Jan-12,132.28,132.28,129.09,129.81,1.97B
31-Jan-12,129.78,130.74,129.45,130.74,1.90B
1-Feb-12,130.74,131.14,130.31,131.08,2.34B
2-Feb-12,131.11,133.43,131.11,133.39,3.21B
3-Feb-12,133.38,133.84,132.84,133.41,2.54B
6-Feb-12,133.4,134.29,131.8,132.25,2.21B
7-Feb-12,132.27,132.83,131.01,131.98,2.43B
8-Feb-12,131.99,133.34,131.61,133.28,1.92B
9-Feb-12,133.28,133.28,131.94,133.01,1.94B
10-Feb-12,132.99,133.01,130.87,131.34,1.70B
13-Feb-12,131.35,132.91,131.29,132.88,1.74B
14-Feb-12,132.93,133.31,132.31,133.29,1.88B
15-Feb-12,133.26,133.63,132.95,133.41,1.82B
16-Feb-12,133.38,133.38,131.72,132.17,2.62B
17-Feb-12,132.2,133.92,132.2,133.92,2.30B
20-Feb-12,133.93,134.64,133.42,134.06,1.53B
21-Feb-12,134.05,134.93,134.05,134.6,1.95B
22-Feb-12,134.59,134.59,133.63,134.2,2.24B
23-Feb-12,134.18,134.18,132.67,132.79,1.97B
24-Feb-12,132.77,132.8,128.92,130.42,2.86B
27-Feb-12,130.4,130.4,128.63,129.42,1.57B
28-Feb-12,129.43,131.11,129.43,130.86,1.88B
29-Feb-12,130.88,133.5,130.88,133.45,2.10B
1-Mar-12,133.44,133.44,132.52,132.73,1.37B
2-Mar-12,132.77,134.36,132.77,134.35,1.67B
5-Mar-12,134.34,134.34,133.05,133.67,1.22B
6-Mar-12,133.64,133.64,132.11,133.03,1.29B
7-Mar-12,132.97,132.97,132,132.87,1.64B
8-Mar-12,132.9,133.76,132.9,133.73,1.64B
9-Mar-12,133.77,134.61,133.77,134.53,1.78B
12-Mar-12,134.12,134.9,133.41,133.87,1.24B
13-Mar-12,133.9,134.65,133.9,134.65,1.33B
14-Mar-12,134.67,136.38,134.67,136.18,2.09B
15-Mar-12,136.2,136.77,135.43,135.69,2.62B
16-Mar-12,135.72,136.5,134.66,134.98,2.68B
19-Mar-12,135,135.66,134.58,135,1.80B
20-Mar-12,135.03,135.44,134.52,134.98,1.72B
21-Mar-12,134.98,135.93,134.89,135.93,1.98B
22-Mar-12,135.94,136.02,135.3,135.86,1.48B
26-Mar-12,135.87,136.49,134.8,135.58,1.56B
27-Mar-12,135.61,137.45,135.61,137.41,2.15B
28-Mar-12,137.41,137.74,136.86,137.59,2.12B
29-Mar-12,137.58,138.03,136.69,138,2.70B
30-Mar-12,138,138.89,137.85,138.74,1.97B
2-Apr-12,138.76,139.9,138.75,139.73,3.08B
3-Apr-12,139.76,141.52,139.76,140.86,2.95B
4-Apr-12,140.84,140.84,137.69,138.05,2.30B
5-Apr-12,137.99,139.27,137.05,139.01,2.16B
9-Apr-12,138.97,139.12,138.38,139.06,3.56B
10-Apr-12,139.19,139.98,139.04,139.16,2.70B
11-Apr-12,139.15,139.15,137.62,138.16,2.99B
12-Apr-12,138.17,138.75,137.65,138.29,3.28B
13-Apr-12,138.31,139.29,138.15,139.11,2.43B
16-Apr-12,139.11,139.11,137.99,138.2,2.67B
17-Apr-12,138.23,139.12,138.02,138.56,2.71B
18-Apr-12,138.6,139.87,138.59,139.18,3.08B
19-Apr-12,139.19,139.25,138.22,138.78,2.83B
20-Apr-12,138.79,139.25,138.56,139.23,3.10B
23-Apr-12,139.23,139.92,137.48,138.31,3.49B
24-Apr-12,138.32,139.01,138.05,138.96,3.12B
25-Apr-12,138.94,138.97,138.09,138.66,2.93B
26-Apr-12,138.67,139.49,138.53,138.93,3.45B
27-Apr-12,138.95,139.64,138.81,139.39,2.73B
30-Apr-12,139.4,139.99,138.89,139.98,2.11B
1-May-12,140,140.46,139.62,140.44,2.41B
2-May-12,140.47,141.6,140.29,141.58,2.88B
3-May-12,141.54,142.01,141.07,141.92,2.71B
4-May-12,141.93,142.69,140.99,141.36,2.65B
7-May-12,141.34,141.34,138.41,139.22,2.22B
8-May-12,139.23,140.38,139.23,140.11,1.91B
9-May-12,140.06,140.06,137.69,137.97,2.06B
10-May-12,137.95,138.31,137.29,138.28,1.84B
11-May-12,138.26,138.26,136.66,137.24,1.63B
14-May-12,137.18,137.35,134.91,135.34,1.82B
15-May-12,134.38,135.88,133.14,135,2.28B
16-May-12,133.68,133.68,131.02,133.2,2.22B
21-May-12,132.38,132.41,130.49,131.58,1.84B
22-May-12,132.32,134.23,132.31,134.22,2.45B
23-May-12,133.55,133.55,131.82,132.67,1.65B
24-May-12,132.56,132.98,131.83,132.61,1.85B
25-May-12,132.11,132.15,129.26,129.73,2.04B
28-May-12,128.85,130.49,127.97,130.24,1.57B
29-May-12,129.96,130.47,129.35,130.34,1.18B
30-May-12,130.03,130.58,129.54,130.47,1.52B
31-May-12,129.11,129.25,126.89,128.12,2.56B
1-Jun-12,127.56,128.08,126.17,126.73,1.55B
4-Jun-12,124.57,124.57,120.74,121.42,2.25B
5-Jun-12,122.92,124.5,122.92,123.96,1.79B
6-Jun-12,124.28,128.01,124.24,128,2.98B
7-Jun-12,129.18,130.32,127.41,128.06,2.48B
8-Jun-12,127.64,128.04,126.55,127.22,1.51B
11-Jun-12,128.19,128.85,127.63,128.43,2.01B
12-Jun-12,127.71,128.5,127.13,128.2,1.63B
13-Jun-12,128.45,129.17,128.04,128.77,2.87B
14-Jun-12,128.79,128.8,125.87,126.33,2.52B
15-Jun-12,127.07,127.78,125.44,127.25,3.60B
18-Jun-12,128.54,129.94,128.35,128.63,2.47B
19-Jun-12,128.58,129.4,128.53,129.28,1.74B
20-Jun-12,129.54,131.57,129.48,131.56,3.61B
21-Jun-12,131.55,131.55,129.04,129.81,2.64B
22-Jun-12,128.51,129.64,127.72,129.5,1.62B
25-Jun-12,129.61,129.61,127.89,128.17,1.35B
26-Jun-12,128.16,129.52,128,129.19,1.99B
27-Jun-12,129.38,131.14,129.37,130.79,1.96B
28-Jun-12,131.07,131.29,128.73,129.11,1.69B
29-Jun-12,129.47,132,129.47,131.61,1.69B
2-Jul-12,132.34,133.26,132.19,133.02,2.23B
3-Jul-12,133.52,135.3,133.36,135.13,2.42B
4-Jul-12,135.58,137.13,135.56,136.67,3.34B
5-Jul-12,137.13,137.13,135.9,136.38,1.79B
6-Jul-12,136.45,136.59,135.12,135.71,1.37B
9-Jul-12,135.09,135.24,132.87,133.13,1.22B
10-Jul-12,133.21,134.13,132.71,134.11,1.44B
11-Jul-12,134.22,134.53,133.85,134.47,1.67B
12-Jul-12,134.11,134.12,132.3,133,1.67B
13-Jul-12,133.25,134.77,133.21,134.44,1.42B
16-Jul-12,135.09,135.97,135.09,135.43,1.86B
17-Jul-12,135.98,136.88,135.92,136.71,1.87B
18-Jul-12,136.67,137.19,136.1,136.48,1.70B
19-Jul-12,137,137.63,136.08,136.78,1.73B
20-Jul-12,136.93,137.05,135.53,136.04,1.41B
23-Jul-12,134.91,134.91,133.16,133.54,1.43B
24-Jul-12,133.66,134.43,132.6,132.98,1.88B
25-Jul-12,132.51,133.45,132.07,133.34,1.38B
26-Jul-12,133.43,134.06,132.71,133.67,1.53B
27-Jul-12,134.64,136.28,134.64,136.19,1.88B
30-Jul-12,136.71,137.25,135.99,136.52,1.82B
31-Jul-12,136.78,138.14,136.49,137.86,2.56B
1-Aug-12,137.54,137.84,136.75,137.77,2.52B
2-Aug-12,137.65,138.28,136.1,136.41,1.66B
3-Aug-12,135.84,136.91,135.25,136.83,1.37B
6-Aug-12,138.14,138.57,137.3,137.39,1.74B
7-Aug-12,137.58,137.88,136.19,136.61,3.07B
8-Aug-12,136.69,137.2,136.2,136.63,2.17B
9-Aug-12,136.9,137.89,136.85,137.74,1.87B
10-Aug-12,137.87,138.51,137.33,138.13,2.36B
13-Aug-12,138.37,138.58,136.13,136.75,1.63B
14-Aug-12,137.26,137.62,136.4,137.62,1.62B
15-Aug-12,137.4,138.47,137.05,138.47,2.12B
16-Aug-12,138.53,139.31,138.18,139.14,2.69B
21-Aug-12,139.14,139.14,139.14,139.14,0
23-Aug-12,138.56,139.56,137.92,138.86,2.04B
24-Aug-12,138.09,138.71,137.33,138.31,1.46B
27-Aug-12,138.31,138.55,137.99,138.26,582.97M
28-Aug-12,138.58,138.92,137.71,138.38,2.01B
29-Aug-12,138.11,138.24,136.33,137.17,2.31B
30-Aug-12,136.02,136.19,134.24,135.07,2.20B
31-Aug-12,134.32,136.16,133.23,135.96,2.42B
3-Sep-12,135.54,137.89,135.34,137.87,2.21B
4-Sep-12,137.85,138.3,137.33,137.57,2.87B
5-Sep-12,136.8,137.51,136,136.25,2.71B
6-Sep-12,136.59,137.19,136.32,137.19,2.71B
7-Sep-12,138.16,139,137.94,138.65,2.51B
10-Sep-12,139.02,139.7,138.35,139.7,1.82B
11-Sep-12,139.33,139.65,138.6,139.55,2.07B
12-Sep-12,139.99,140.64,139.38,140.63,1.91B
13-Sep-12,140.57,141.06,140.26,140.65,3.29B
14-Sep-12,141.79,144.39,141.79,143.97,3.99B
17-Sep-12,144.25,144.46,143.31,143.95,3.29B
18-Sep-12,143.81,143.91,142.17,143.12,2.65B
19-Sep-12,142.91,144.29,142.72,143.87,3.07B
20-Sep-12,143.41,143.53,142.17,142.51,4.45B
21-Sep-12,142.78,143.8,142.32,143.77,3.47B
24-Sep-12,142.92,143.43,141.58,141.83,3.83B
25-Sep-12,142.19,142.81,141.61,142.75,3.07B
26-Sep-12,142.28,142.28,139.61,140.47,2.41B
27-Sep-12,140.53,142.67,140.31,142.12,3.22B
28-Sep-12,142.57,143.99,142.51,143.96,2.62B
1-Oct-12,143.47,143.47,142,142.89,2.32B
2-Oct-12,143.18,143.81,143.04,143.67,2.82B
3-Oct-12,144,144,143.03,143.54,3.47B
4-Oct-12,143.7,144.63,143.64,144.62,1.94B
5-Oct-12,145.18,146.74,145.18,146.51,2.02B
8-Oct-12,146.43,146.81,143.6,144.6,2.30B
9-Oct-12,144.93,145.55,144.07,144.61,2.13B
10-Oct-12,144.07,144.74,143.48,144.61,2.40B
11-Oct-12,144.13,145.12,144.01,145.12,3.26B
12-Oct-12,145.45,146.09,145.28,145.84,4.08B
15-Oct-12,145.73,145.93,144.93,145.68,2.85B
16-Oct-12,145.97,146.69,145.45,146.67,2.53B
17-Oct-12,146.91,147.47,146.04,146.86,3.13B
18-Oct-12,147.36,147.76,146.92,147.64,2.93B
19-Oct-12,147.6,147.69,146.42,146.68,2.53B
22-Oct-12,146.13,147.08,145.56,147.05,2.64B
23-Oct-12,147.07,147.61,146.21,146.64,2.86B
24-Oct-12,146.36,147.42,145.93,147.27,2.54B
25-Oct-12,147.19,147.52,146.62,147.21,3.60B
29-Oct-12,146.83,147.33,146.27,146.97,2.75B
30-Oct-12,146.87,147.94,146.72,147.83,3.85B
31-Oct-12,147.69,147.92,146.6,147.78,3.13B
1-Nov-12,147.04,147.4,145.96,147.35,3.02B
2-Nov-12,147.43,147.69,146.81,147.31,2.11B
5-Nov-12,146.94,146.97,145.38,145.97,1.80B
6-Nov-12,146.1,146.42,145.44,146.27,2.34B
7-Nov-12,146.48,147.53,146.33,147.44,3.06B
8-Nov-12,146.18,146.58,145.19,146.57,2.27B
9-Nov-12,145.92,146.41,145.36,146.41,2.11B
12-Nov-12,146.38,146.66,145.44,145.71,1.67B
13-Nov-12,145.81,146.41,145.67,146.17,2.95B
14-Nov-12,146.28,146.75,145.53,146.62,2.84B
19-Nov-12,146.46,146.56,144.99,145.73,2.42B
20-Nov-12,146.15,146.69,144.9,145.56,3.06B
21-Nov-12,145.72,145.78,144.95,145.73,2.40B
22-Nov-12,145.44,146.34,145.44,146.22,2.67B
23-Nov-12,146.08,146.41,145.36,146.35,2.13B
26-Nov-12,146.34,147.35,146.31,147.23,2.86B
27-Nov-12,147.02,147.11,145.58,145.96,3.37B
28-Nov-12,145.59,145.73,142.76,144.3,2.72B
29-Nov-12,144.72,144.98,143.53,144.91,2.46B
30-Nov-12,144.69,145.11,143.04,143.89,3.69B
3-Dec-12,143.77,144.36,142.84,143.69,3.40B
4-Dec-12,143.46,143.56,142.34,143.56,2.28B
5-Dec-12,143.29,144.14,142.86,144.11,3.06B
6-Dec-12,144.36,144.81,144,144.57,3.03B
7-Dec-12,144.31,144.91,143.87,144.74,2.48B
10-Dec-12,144.82,145.18,143.86,144.75,2.98B
11-Dec-12,144.62,145.41,144.15,145.23,2.86B
12-Dec-12,145.26,145.77,144.43,145.46,3.27B
13-Dec-12,145.03,145.22,143.89,144.78,3.50B
14-Dec-12,144.67,144.95,143.86,144.83,1.74B
17-Dec-12,144.79,145.41,144.35,145.01,2.22B
18-Dec-12,145.34,145.64,143.44,144.55,1.98B
19-Dec-12,144.62,144.81,142.62,143.62,2.12B
20-Dec-12,143.21,143.3,141.66,142.46,2.24B
21-Dec-12,142.4,143.26,142.12,142.68,1.71B
26-Dec-12,142.73,143.33,142.41,143.33,1.12B
27-Dec-12,143.44,144,143.14,143.81,1.61B
28-Dec-12,144.29,145,143.82,145,2.07B
2-Jan-13,145.23,146.73,145.09,146.24,2.24B
3-Jan-13,146.61,148.47,146.61,148.35,3.10B
4-Jan-13,148.45,148.72,147.74,148.56,2.47B
7-Jan-13,148.5,149.03,147.27,147.55,2.70B
8-Jan-13,147.49,148,146.76,147.27,3.28B
9-Jan-13,147.52,147.79,145.51,146.03,3.19B
10-Jan-13,146.09,146.41,143.64,144.48,2.28B
11-Jan-13,144.67,145.35,143.72,144.06,2.27B
14-Jan-13,144.55,146.33,144.34,146.33,3.15B
15-Jan-13,146.56,146.95,146.06,146.95,1.99B
16-Jan-13,146.86,147.19,146.32,147.19,3.14B
17-Jan-13,146.99,147.63,146.35,146.58,1.59B
18-Jan-13,147.24,149.06,147.14,149.06,2.39B
21-Jan-13,148.94,149.45,147.87,148.23,2.06B
22-Jan-13,148.08,148.62,147.16,147.95,2.22B
23-Jan-13,148.2,148.86,146.79,147.91,2.21B
25-Jan-13,148.15,148.58,147.29,148.19,3.17B
28-Jan-13,148.16,148.55,146.16,147.33,2.28B
29-Jan-13,147.84,148.29,147.62,148.29,2.41B
30-Jan-13,148.54,148.81,147.77,148.39,2.56B
31-Jan-13,148.08,148.2,146.97,147.51,2.78B
1-Feb-13,147.55,148.9,147.55,147.92,2.54B
4-Feb-13,148.31,149.09,147.88,148.51,2.47B
5-Feb-13,147.97,148.49,147.37,148.34,3.57B
6-Feb-13,148.89,149.47,148.61,149.09,3.03B
7-Feb-13,149.14,149.65,148.84,149.05,2.67B
8-Feb-13,149.53,150.03,148.62,148.84,2.16B
11-Feb-13,149.15,149.63,148.97,149.12,1.58B
12-Feb-13,149.12,151.02,149.03,150.93,2.19B
13-Feb-13,151.09,151.86,150.86,151.56,2.99B
14-Feb-13,151.57,152.16,151.17,151.58,4.95B
15-Feb-13,151.53,152.21,151.41,152.13,3.87B
18-Feb-13,152.17,152.85,151.62,151.9,3.17B
19-Feb-13,151.85,152.09,150.42,151.19,8.78B
20-Feb-13,151.59,152.4,151.49,152.3,5.78B
21-Feb-13,151.82,153,151.7,152.57,4.78B
22-Feb-13,152.44,152.92,151.98,152.8,4.28B
25-Feb-13,153.21,154.21,152.96,153.93,3.80B
26-Feb-13,153.84,154.21,152.92,153.36,3.60B
27-Feb-13,153.97,155.75,153.92,155.49,4.51B
28-Feb-13,156.41,157.93,156.23,157.64,4.36B
1-Mar-13,158.16,159.08,157.5,158.73,3.85B
4-Mar-13,158.75,159.28,157.05,157.43,3.61B
5-Mar-13,157.47,158.66,157.36,157.97,4.13B
6-Mar-13,158.48,161.17,158.41,160.75,5.24B
7-Mar-13,160.68,161.62,160.45,161.62,4.62B
8-Mar-13,161.86,163.56,161.79,162.58,4.17B
11-Mar-13,162.66,162.87,161.01,161.3,3.42B
13-Mar-13,161.34,161.95,159.77,160.56,3.65B
14-Mar-13,160.34,160.41,157.56,158.64,4.11B
15-Mar-13,159.3,161.3,159.3,159.6,3.80B
18-Mar-13,159.46,160.36,158.86,159.68,2.94B
19-Mar-13,160.03,160.81,159.75,159.86,4.42B
20-Mar-13,160.21,160.57,159.33,160.13,4.80B
21-Mar-13,160.13,160.95,158.79,159.49,5.25B
22-Mar-13,159.21,159.81,156.15,156.58,4.37B
25-Mar-13,157.98,158.98,157.71,158.49,3.12B
26-Mar-13,158.65,160.91,158.36,160.28,3.41B
27-Mar-13,160.74,162.81,160.74,162.81,4.49B
28-Mar-13,162.49,162.93,161.37,162.64,2.95B
1-Apr-13,162.36,163.21,162.19,162.6,3.57B
2-Apr-13,162.58,163.41,162.58,163.41,5.99B
3-Apr-13,163.68,164.53,162.95,164.53,5.46B
4-Apr-13,163.96,164,162.48,162.48,3.66B
5-Apr-13,162.7,163.29,161.7,162.18,3.23B
8-Apr-13,162.26,162.68,160.65,161.78,2.93B
9-Apr-13,162.08,162.68,161.1,161.87,2.93B
10-Apr-13,162.13,162.16,160.39,161.05,2.46B
11-Apr-13,161.31,162.57,161.19,162.57,3.08B
12-Apr-13,162.54,163.58,162.54,162.94,3.08B
15-Apr-13,162.58,162.61,161.48,161.71,1.75B
16-Apr-13,161.17,163.67,160.28,163.67,2.55B
17-Apr-13,163.87,165.19,163.77,165.11,2.64B
18-Apr-13,164.58,165.74,164.37,165.74,3.86B
19-Apr-13,165.25,166.37,164.84,165.25,3.74B
22-Apr-13,165.67,166.48,164.7,165.43,2.57B
23-Apr-13,165.67,165.81,164.96,165.11,2.45B
24-Apr-13,165.77,166.36,165.28,166.31,2.37B
25-Apr-13,166,166.13,163.92,165.14,3.42B
26-Apr-13,164.83,165.25,164.35,164.35,2.99B
29-Apr-13,164.6,165.1,164.42,165.1,2.58B
30-Apr-13,165,166.91,164.24,166.91,2.97B
1-May-13,166.27,167.37,165.92,167.37,3.84B
2-May-13,166.86,167.16,165.02,165.42,3.16B
3-May-13,165.26,165.93,162.46,163.17,2.85B
6-May-13,163.27,165.2,163.27,165.04,2.09B
7-May-13,164.66,166.45,164.51,166.38,2.95B
8-May-13,166.47,168.56,166.35,168.41,3.51B
10-May-13,168.34,169.33,167.96,168.69,2.62B
13-May-13,168.56,168.59,166.71,167.56,2.38B
14-May-13,167.37,168.27,166.85,168.27,2.48B
15-May-13,168.28,169.25,168.25,168.63,2.21B
16-May-13,168.86,169.57,168.21,168.32,2.96B
17-May-13,168.28,171.79,168.26,170.95,2.49B
20-May-13,171.75,174.7,171.75,173.45,3.63B
21-May-13,173.65,174.47,171.26,172.19,3.50B
22-May-13,172.1,174.27,172.1,173.68,3.99B
23-May-13,173.13,173.59,169.54,170.34,4.48B
24-May-13,170.96,172.82,170.9,172.08,2.78B
27-May-13,171.46,171.66,168.94,169.43,2.51B
28-May-13,168.92,173.47,168.92,172.85,4.31B
29-May-13,173.33,175.07,171.81,173.93,3.76B
30-May-13,172.97,173.02,170.96,171.39,3.53B
31-May-13,171.71,172.56,169.81,169.81,5.70B
3-Jun-13,169.1,169.73,166.52,166.85,4.06B
4-Jun-13,166.9,168.97,165.22,168.97,3.87B
5-Jun-13,168.25,168.59,166.21,168.59,2.50B
7-Jun-13,167.9,168.03,163.38,163.38,2.69B
10-Jun-13,164.67,165.59,159.62,160.15,2.88B
11-Jun-13,160.48,160.84,152.67,153.84,3.76B
12-Jun-13,153.02,158.91,150.58,158.91,4.01B
13-Jun-13,156.72,157.26,154.07,155.45,3.16B
14-Jun-13,156.47,160.7,156.47,160.2,3.26B
17-Jun-13,159.98,161.74,159.79,160.82,2.42B
18-Jun-13,161.54,164.05,161.54,162.74,3.32B
19-Jun-13,162.96,164.18,161.41,161.46,2.44B
20-Jun-13,159.45,159.45,155.51,156.07,2.91B
21-Jun-13,153,153.62,150.02,151.58,3.25B
24-Jun-13,151.87,153.14,148.49,148.49,2.13B
25-Jun-13,149.52,150.8,146.43,148.73,2.29B
26-Jun-13,150.85,156.98,150.69,155.58,2.52B
27-Jun-13,157.78,161.33,157.78,159.37,2.29B
28-Jun-13,160.99,164.24,160.99,164.24,2.33B
1-Jul-13,161.15,163.56,160.81,161.94,1.37B
2-Jul-13,163.06,163.31,160.08,160.35,1.39B
3-Jul-13,159.82,159.88,155.13,155.24,1.68B
4-Jul-13,156.05,157.62,155.03,155.03,1.53B
5-Jul-13,156.49,157.72,155.09,156.2,1.49B
8-Jul-13,155.31,155.38,150.3,150.3,1.89B
9-Jul-13,151.12,152.37,149.03,149.03,2.18B
10-Jul-13,149.53,152.88,149.48,152.3,2.65B
11-Jul-13,152.96,156.98,152.93,156.04,2.83B
12-Jul-13,156.13,158.37,155.34,156.98,2.14B
15-Jul-13,157.04,157.19,154.93,156.91,1.62B
16-Jul-13,156.68,158.43,156.44,157.28,2.60B
17-Jul-13,157.6,158.53,157.13,158.33,3.01B
18-Jul-13,157.84,159.62,157.77,159.53,2.38B
19-Jul-13,159.18,160.46,158.92,159.7,1.94B
22-Jul-13,160.07,160.34,158.15,158.22,1.70B
23-Jul-13,158.83,161.17,158.83,161.17,2.08B
24-Jul-13,160.61,161.71,157.65,159.09,1.97B
25-Jul-13,159.32,159.43,157.18,157.67,1.65B
26-Jul-13,157.9,158.43,156.27,156.54,1.34B
29-Jul-13,156.56,156.59,153.46,153.88,1.45B
30-Jul-13,154.63,156,154.52,154.82,1.61B
31-Jul-13,155.21,155.79,152.82,154.2,1.95B
1-Aug-13,154.91,155.61,154.18,155.57,1.73B
2-Aug-13,156.22,156.77,155,155.84,1.65B
12-Aug-13,155.69,155.95,153.74,154.72,1.65B
13-Aug-13,155.05,156.64,154.96,156.64,2.09B
14-Aug-13,156.91,158.06,156.42,158.06,2.03B
15-Aug-13,157.09,157.36,156.56,157.22,1.75B
16-Aug-13,156.15,156.15,153.77,153.81,1.92B
19-Aug-13,152.4,152.56,145.09,145.21,2.49B
20-Aug-13,143.06,143.36,136.3,140.17,3.65B
21-Aug-13,140.62,143.54,139.7,142.42,3.41B
22-Aug-13,140.5,141.77,138.96,141.39,4.14B
23-Aug-13,142,143.96,140.72,141.37,2.88B
26-Aug-13,141.74,142.69,139.43,139.43,2.42B
27-Aug-13,138.8,138.84,133.44,133.8,2.91B
28-Aug-13,131.53,137.16,129.47,136.17,3.52B
29-Aug-13,136.86,139.63,136.32,139.53,3.16B
30-Aug-13,139.41,143.92,139.21,143.92,3.42B
2-Sep-13,143.84,144.15,139.11,140.78,2.44B
3-Sep-13,141.13,143.56,140.95,143.1,2.62B
4-Sep-13,142.2,142.23,139.26,139.43,2.57B
5-Sep-13,139.88,141.1,137.13,137.9,2.37B
6-Sep-13,138.29,139.12,136.66,138.92,2.22B
9-Sep-13,140.07,142.75,140.06,142.75,2.79B
10-Sep-13,143.84,147.26,143.84,147.26,4.63B
11-Sep-13,147.98,149.07,144.5,146.6,3.65B
12-Sep-13,145.94,147.33,145.24,146.38,2.67B
13-Sep-13,145.86,147.13,144.95,146.8,2.50B
16-Sep-13,147.88,152.14,147.88,152.14,3.56B
17-Sep-13,151.82,152.7,150.35,151.81,3.14B
18-Sep-13,151.43,151.74,149.78,150.4,2.81B
19-Sep-13,153.98,159.93,153.98,157.49,5.93B
20-Sep-13,156.96,157.43,154.83,154.83,2.71B
23-Sep-13,153.15,153.95,152.09,153.95,1.95B
24-Sep-13,153.19,154.13,149.34,149.84,2.53B
25-Sep-13,147.41,149.49,145.95,147.86,2.00B
26-Sep-13,147.75,150.45,147.61,148.11,2.43B
27-Sep-13,149.02,149.85,148.25,148.94,1.76B
30-Sep-13,147.73,148.1,145.13,145.16,1.94B
1-Oct-13,145.29,147.24,145.24,146.13,2.06B
2-Oct-13,146.94,149.06,146.93,147.42,2.06B
3-Oct-13,147.73,149.07,147.69,148.57,1.70B
4-Oct-13,148.33,148.38,146.8,147.46,1.50B
7-Oct-13,147.49,148.18,146.23,146.92,1.99B
8-Oct-13,146.19,148.81,146.16,148.47,2.13B
9-Oct-13,148.37,150.2,147.86,149.82,2.33B
10-Oct-13,150.82,151.47,150.29,150.58,2.66B
11-Oct-13,152.01,152.89,151.43,152.26,2.20B
16-Oct-13,152.21,152.46,150.71,151.28,1.69B
17-Oct-13,152.65,153.52,151.41,152.54,3.16B
18-Oct-13,152.56,153.86,151.78,153.86,2.71B
21-Oct-13,154.31,155.11,153.71,154.93,2.79B
22-Oct-13,153.88,154.34,151.64,152.13,1.94B
23-Oct-13,152.85,156.3,152.85,153.18,3.12B
24-Oct-13,152.68,154.56,152.47,154.54,3.22B
25-Oct-13,154.04,154.92,153.15,153.71,2.61B
28-Oct-13,154.28,154.9,153.66,154.24,2.46B
29-Oct-13,154.19,154.5,152.83,153.6,2.08B
30-Oct-13,153.63,154.13,152.46,153.86,2.17B
31-Oct-13,152.23,152.61,150.3,151.31,2.61B
1-Nov-13,150.1,151.78,148.73,148.73,2.53B
4-Nov-13,148.59,149.37,147.75,148.55,1.53B
6-Nov-13,148.35,149.53,148.26,149.53,1.78B
7-Nov-13,149.72,151.35,149.59,150.93,2.19B
8-Nov-13,150.18,151.28,149.59,151.03,2.45B
11-Nov-13,150.66,151.19,149.63,149.85,2.43B
12-Nov-13,150.24,150.47,147.78,148.25,2.35B
13-Nov-13,147.54,147.54,144.79,145.36,2.23B
14-Nov-13,146.13,147.83,146.13,147.22,2.56B
15-Nov-13,147.77,148.46,145.29,145.6,2.34B
18-Nov-13,146.45,148.44,146.44,148.13,2.01B
19-Nov-13,148.07,149.09,147.18,148.74,2.07B
20-Nov-13,149.09,149.12,146.26,146.76,1.93B
21-Nov-13,146.12,146.47,145.1,146.11,1.65B
22-Nov-13,146.95,147.32,145.17,145.54,1.55B
25-Nov-13,145.48,146.21,145.23,145.62,1.59B
26-Nov-13,145.42,145.56,141.79,141.95,2.72B
27-Nov-13,142.96,143.47,141.6,143.09,1.77B
28-Nov-13,143.56,143.92,141.43,142.43,1.80B
29-Nov-13,141.81,143.03,141.75,143.03,1.49B
2-Dec-13,143.38,145.87,143.23,145.48,2.77B
3-Dec-13,145.29,145.31,143.28,143.84,2.08B
4-Dec-13,143.07,143.22,142.38,142.38,1.80B
5-Dec-13,142.28,142.44,140.43,141.69,1.93B
6-Dec-13,141.16,141.25,140.23,140.8,2.00B
9-Dec-13,141.65,142.6,141.32,141.98,2.00B
10-Dec-13,142.62,144.13,142.43,144.04,2.32B
11-Dec-13,144.01,144.23,142.4,143.56,2.14B
12-Dec-13,142.32,142.91,141.67,141.68,2.04B
13-Dec-13,141.88,141.88,139.92,140.14,1.61B
16-Dec-13,139.6,139.82,137.95,138.51,1.74B
17-Dec-13,139.31,140.78,139.25,139.86,1.89B
18-Dec-13,140.34,141.24,139.63,140.71,1.69B
19-Dec-13,141.75,142.86,141.19,142.03,1.88B
20-Dec-13,142.06,142.13,140.27,140.97,1.64B
23-Dec-13,141.16,141.27,139.18,140.51,1.25B
24-Dec-13,140.74,141.58,140.19,141.42,1.20B
27-Dec-13,141.65,142.55,141.64,141.84,1.35B
30-Dec-13,142.76,143.71,142.43,143.71,1.74B
1-Jan-14,142.76,143.71,142.43,143.71,0
2-Jan-14,144.43,145.71,144.16,145.61,1.61B
3-Jan-14,144.56,144.64,143.01,143.3,1.48B
6-Jan-14,143.68,143.68,141.04,141.82,1.24B
7-Jan-14,141.87,142.06,140.31,140.31,1.57B
8-Jan-14,140.56,141.31,139.62,141.14,1.64B
9-Jan-14,141.1,141.56,140.63,140.8,1.93B
10-Jan-14,140.53,142.99,140.32,142.31,1.98B
13-Jan-14,143.52,146.24,143.44,146.24,3.50B
15-Jan-14,146.48,148.36,146.31,147.87,3.25B
16-Jan-14,148.35,148.49,147.08,147.13,2.27B
17-Jan-14,146.91,147.25,146.11,146.76,1.94B
20-Jan-14,146.47,147.9,146.46,147.72,1.86B
21-Jan-14,148.25,148.47,147.8,148.2,2.43B
22-Jan-14,147.92,149.12,147.62,149.12,2.47B
23-Jan-14,149.41,149.96,148.91,149.37,2.28B
24-Jan-14,148.67,148.73,147.45,147.45,1.74B
27-Jan-14,145.03,145.03,142.37,143.48,1.83B
28-Jan-14,143.3,144.63,142.61,144.13,1.80B
29-Jan-14,144.64,147.15,144.64,146.68,2.00B
30-Jan-14,145.24,146.86,144.46,146.86,1.85B
3-Feb-14,146.12,146.28,145.27,145.53,1.57B
4-Feb-14,143.75,144.72,143.27,144.12,1.61B
5-Feb-14,145.03,145.77,144.66,145.2,2.09B
6-Feb-14,145.41,146.54,145.37,146.54,2.39B
7-Feb-14,147.04,148.09,146.98,147.78,2.87B
10-Feb-14,148.45,149.05,147.31,147.31,2.77B
11-Feb-14,147.14,147.89,147.11,147.73,2.46B
12-Feb-14,148.24,148.77,148.05,148.69,2.57B
13-Feb-14,148.47,148.91,148.28,148.42,1.93B
14-Feb-14,148.83,149.1,148.45,148.88,1.93B
17-Feb-14,149.37,150.66,149.36,150.46,3.13B
18-Feb-14,150.59,150.93,150.08,150.44,2.59B
19-Feb-14,150.56,151.82,150.55,151.82,2.51B
20-Feb-14,151.46,151.6,150.73,151.59,2.36B
21-Feb-14,152.1,153.09,152.07,152.92,2.50B
24-Feb-14,153,153.32,151.92,152.01,1.96B
25-Feb-14,152.2,152.75,150.29,150.61,2.19B
26-Feb-14,149.99,150.47,148.83,148.99,2.55B
27-Feb-14,149.12,150.87,148.99,150.45,2.31B
28-Feb-14,150.91,152.88,150.91,152.88,2.33B
3-Mar-14,151.63,151.72,150.94,151.41,1.86B
4-Mar-14,151.28,151.85,150.78,151.8,2.27B
5-Mar-14,152.47,153.76,152.44,153.71,2.66B
6-Mar-14,153.94,154.64,153.69,154.64,3.36B
7-Mar-14,155.1,155.57,154.72,154.97,3.28B
9-Mar-14,154.97,154.97,154.97,154.97,0
10-Mar-14,154.15,155.37,153.77,154.99,2.65B
11-Mar-14,154.84,155.81,154.79,155.81,3.96B
12-Mar-14,154.95,155.78,154.42,155.37,4.06B
13-Mar-14,155.69,156.82,155.52,156.67,3.02B
14-Mar-14,155.63,160.47,154.74,160.47,3.50B
17-Mar-14,161.04,162.2,160.23,160.99,4.87B
18-Mar-14,161.07,161.93,158.43,158.55,3.54B
19-Mar-14,158.97,159.98,158.96,159.43,2.92B
20-Mar-14,158.95,158.97,155.11,155.34,3.09B
21-Mar-14,155.78,156.75,154.17,155.88,2.68B
24-Mar-14,156.14,156.7,155.41,156.36,1.87B
25-Mar-14,155.7,156.02,155.21,155.47,2.00B
26-Mar-14,155.52,156.88,155.5,156.33,2.00B
27-Mar-14,155.95,157.07,155.8,155.98,2.15B
28-Mar-14,156.29,157.39,156.28,157.35,2.33B
1-Apr-14,158.18,160.56,158.07,160.56,3.20B
2-Apr-14,160.8,161.39,159.63,160.06,2.95B
3-Apr-14,160.36,160.96,160.28,160.68,2.39B
4-Apr-14,160.75,161,159.28,159.82,2.28B
7-Apr-14,159.76,162.55,159.67,162.33,2.79B
8-Apr-14,162.19,162.72,161.52,162.09,2.69B
9-Apr-14,162.19,162.72,161.52,162.09,0
10-Apr-14,159.77,159.77,155.99,157.09,4.90B
11-Apr-14,155.96,159.01,155.53,159.01,2.88B
14-Apr-14,158.93,161.04,158.93,160.68,2.75B
15-Apr-14,161.09,161.71,160.73,161.04,2.63B
16-Apr-14,161.54,161.83,160.65,160.65,2.28B
17-Apr-14,161.48,161.8,161.16,161.59,1.94B
21-Apr-14,162.15,162.3,161.28,161.44,1.57B
22-Apr-14,161.54,161.7,160.1,161.62,2.06B
23-Apr-14,161.6,162.21,161.13,161.49,2.45B
24-Apr-14,161.39,162.24,160.82,161.29,2.36B
25-Apr-14,161.57,162.2,161.41,161.58,2.41B
28-Apr-14,161.25,161.56,158.81,158.87,1.94B
29-Apr-14,158.19,158.56,157.75,158.31,1.94B
30-Apr-14,158.87,159.19,158.5,158.83,2.23B
2-May-14,158.59,159.15,158.45,158.5,2.05B
5-May-14,158.67,159.4,158.58,158.85,1.72B
6-May-14,159.09,159.4,158.42,158.68,1.63B
7-May-14,158.72,160.05,158.57,159.51,2.08B
8-May-14,159.97,160.39,159.13,159.79,2.11B
9-May-14,159.88,160.99,159.82,160.99,2.57B
12-May-14,161.33,162.47,161.33,161.91,2.57B
13-May-14,162.6,163,161.45,162.01,2.19B
14-May-14,162.58,164.14,162.58,164.14,2.77B
16-May-14,163.89,165.33,163.7,165.33,2.49B
19-May-14,165.87,167.33,163.01,164.37,3.14B
20-May-14,164.2,164.23,159.43,160.57,2.87B
21-May-14,160.24,161.47,159.64,161.36,1.91B
22-May-14,162,163.3,161.81,163.1,2.42B
23-May-14,163.29,163.58,162.78,163.19,1.88B
25-May-14,163.19,163.19,163.19,163.19,0
26-May-14,163.6,163.61,162.93,162.98,1.60B
28-May-14,162.93,163.81,162.83,163.78,1.86B
30-May-14,164.19,164.22,161.08,161.08,2.78B
2-Jun-14,160.87,161.3,159.89,161.3,2.03B
3-Jun-14,161.62,162.07,160.72,162.07,2.06B
4-Jun-14,161.86,162.52,161.59,162,1.74B
5-Jun-14,162.08,162.41,161.63,162.41,1.71B
6-Jun-14,162.51,163.5,162.32,162.84,1.73B
9-Jun-14,163.15,163.24,160.51,160.86,2.20B
10-Jun-14,161.13,162.72,161.13,162.72,1.67B
11-Jun-14,162.86,163.68,162.69,163.68,1.97B
12-Jun-14,163.31,163.4,161.98,162.38,1.90B
13-Jun-14,162.12,162.31,161.82,162.11,1.65B
16-Jun-14,162,162.22,160.35,160.35,1.98B
17-Jun-14,160.51,161.19,160.21,161.19,1.86B
18-Jun-14,161.17,161.18,160.31,160.44,1.97B
19-Jun-14,160.77,160.94,159.32,159.51,2.02B
20-Jun-14,159.73,159.97,159.04,159.11,1.71B
23-Jun-14,159.33,159.74,158.84,159.05,2.00B
24-Jun-14,159.28,160.02,159.15,159.6,2.22B
25-Jun-14,159.57,159.97,158.75,158.91,2.24B
26-Jun-14,158.91,159.92,158.91,159.92,2.31B
27-Jun-14,159.82,159.94,158.59,159.05,2.21B
30-Jun-14,159.17,160.16,159.09,159.75,2.49B
1-Jul-14,159.86,160.08,159.25,159.88,2.35B
2-Jul-14,159.93,161.02,159.87,161.02,1.91B
3-Jul-14,160.94,161.08,160.46,160.75,2.15B
4-Jul-14,160.52,161.53,160.52,161.2,3.01B
7-Jul-14,161.58,164.37,161.49,164.37,4.29B
8-Jul-14,164.94,165.86,164.79,165.04,4.59B
9-Jul-14,165.04,165.04,165.04,165.04,0
10-Jul-14,167.04,169.08,166.27,167.22,5.86B
11-Jul-14,166.37,166.58,163.66,164.7,2.67B
12-Jul-14,164.7,164.7,164.7,164.7,0
14-Jul-14,164.95,165.42,163.63,164.5,2.26B
15-Jul-14,164.94,166.27,164.94,166.27,2.71B
16-Jul-14,166.29,168.51,166.29,167.81,4.14B
17-Jul-14,168.28,168.66,164.99,165.97,3.12B
18-Jul-14,165.25,167.33,165,166.68,2.46B
20-Jul-14,166.68,166.68,166.68,166.68,0
21-Jul-14,167.43,168.68,167.43,168.54,3.77B
22-Jul-14,169.02,169.64,164.09,167.18,4.34B
23-Jul-14,167.88,169.19,167.33,167.48,2.95B
24-Jul-14,168.16,168.42,167.04,167.71,2.15B
25-Jul-14,168.04,168.28,166.29,167.34,2.42B
27-Jul-14,167.34,167.34,167.34,167.34,0
2-Aug-14,167.34,167.34,167.34,167.34,0
4-Aug-14,166.34,168.89,166.04,168.89,2.40B
5-Aug-14,169.07,169.14,167.69,168.35,2.51B
6-Aug-14,167.81,167.82,166.16,166.52,2.06B
7-Aug-14,166.4,167.09,166.09,167.04,2.43B
8-Aug-14,167,167.38,166.41,166.53,2.12B
10-Aug-14,166.53,166.53,166.53,166.53,0
11-Aug-14,167.72,168.53,167.72,168.53,2.20B
12-Aug-14,169.04,169.6,168.94,169.28,2.70B
13-Aug-14,169.66,170.79,169.47,170.79,2.44B
14-Aug-14,170.73,171.07,169.28,170.24,2.85B
15-Aug-14,170.22,170.47,169.84,169.88,2.19B
18-Aug-14,170.13,170.47,169.79,170.09,2.45B
19-Aug-14,170.47,170.84,169.98,170.17,2.83B
20-Aug-14,170.12,170.99,170.12,170.99,2.43B
21-Aug-14,170.85,171.29,169.56,171.29,2.39B
22-Aug-14,171.66,171.86,170.54,170.87,2.47B
25-Aug-14,170.64,170.9,169.99,170.24,2.24B
26-Aug-14,170.59,170.67,169.12,169.13,2.70B
27-Aug-14,169.13,169.94,169.13,169.67,2.25B
28-Aug-14,169.89,170.83,169.82,170.42,2.73B
29-Aug-14,170.08,170.65,168.98,168.98,2.10B
31-Aug-14,168.98,168.98,168.98,168.98,0
1-Sep-14,169.34,170.2,169.31,170.19,1.95B
2-Sep-14,170.18,171.05,170.18,170.97,2.19B
3-Sep-14,171.11,171.96,171.1,171.96,2.80B
4-Sep-14,171.96,172.21,170.69,171.04,2.55B
5-Sep-14,170.54,171.74,170.54,171.26,2.40B
8-Sep-14,171.84,172.71,171.83,172.13,2.34B
9-Sep-14,172.24,172.4,169.89,169.89,2.83B
10-Sep-14,169.47,169.47,167.28,167.61,2.98B
11-Sep-14,167.87,168.63,166.76,166.76,3.70B
12-Sep-14,167.3,168.31,166.87,167.73,2.28B
13-Sep-14,167.73,167.73,167.73,167.73,0
15-Sep-14,167.25,168.16,166.86,168.04,2.12B
16-Sep-14,168.54,168.58,167.65,167.75,1.93B
17-Sep-14,168.78,170.03,168.74,169.7,3.03B
18-Sep-14,170.1,170.31,169.31,169.95,2.20B
19-Sep-14,170.15,171.31,169.74,170.5,2.77B
22-Sep-14,170.1,170.45,169.53,169.94,2.03B
23-Sep-14,169.29,169.31,168.44,168.5,2.30B
24-Sep-14,168.74,169.34,168.1,168.1,2.76B
25-Sep-14,169.03,169.47,168.28,168.79,2.54B
26-Sep-14,167.11,167.11,165.78,167.02,2.82B
27-Sep-14,167.02,167.02,167.02,167.02,0
29-Sep-14,166.62,167.04,165.07,167.04,2.39B
30-Sep-14,166.31,167.12,165.68,166.76,2.50B
1-Oct-14,166.57,167.06,165.82,166.06,2.90B
2-Oct-14,165,165,161.2,161.5,2.99B
3-Oct-14,161.94,162.31,159.76,160.34,2.68B
6-Oct-14,161.35,161.81,160.17,161.56,1.67B
7-Oct-14,161.94,163.36,161.53,162.92,2.61B
8-Oct-14,161.45,161.8,160.48,160.48,2.15B
9-Oct-14,161.56,162.33,161.33,161.33,2.29B
10-Oct-14,159.92,160.22,159.15,159.88,2.12B
13-Oct-14,159.12,159.39,158.07,158.07,1.86B
14-Oct-14,157.76,159.1,157.67,158.59,1.83B
15-Oct-14,159.26,159.67,159.1,159.22,2.27B
16-Oct-14,158.14,159.93,157.91,159.08,2.21B
17-Oct-14,159.3,161.91,159.11,161.61,3.42B
20-Oct-14,162.75,163.85,161.78,161.78,3.16B
21-Oct-14,162.55,162.7,161.33,161.65,2.17B
22-Oct-14,162.53,163.46,162.44,163.11,2.46B
23-Oct-14,163.09,164,162.84,163.77,2.59B
24-Oct-14,163.53,163.68,162.27,162.71,2.08B
27-Oct-14,163.05,163.41,161.13,161.2,2.04B
28-Oct-14,161.09,161.29,159.8,160.01,2.49B
29-Oct-14,160.62,162.94,160.62,162.94,2.91B
30-Oct-14,163.07,163.19,161.88,162.65,2.60B
31-Oct-14,163.13,163.54,162.35,163.41,2.53B
3-Nov-14,163.8,163.84,162.35,163.22,2.34B
4-Nov-14,163.09,163.15,162.08,162.08,2.41B
5-Nov-14,162.31,162.67,161.39,161.88,2.19B
6-Nov-14,161.95,162.12,161.1,161.19,2.08B
7-Nov-14,161.11,161.31,159.37,159.57,3.00B
10-Nov-14,159.75,160.46,158.82,158.82,2.25B
11-Nov-14,159.03,161.55,159.01,161.08,2.28B
12-Nov-14,161.59,162.29,161.28,161.58,2.03B
13-Nov-14,161.54,161.82,160.96,161.73,1.99B
14-Nov-14,161.77,162.34,161.09,161.66,2.12B
17-Nov-14,161.04,162.74,160.99,162.25,2.58B
18-Nov-14,162.87,163.81,162.56,163.81,3.05B
19-Nov-14,164.15,164.93,164.08,164.63,3.68B
20-Nov-14,164.53,164.61,162.68,163.46,2.89B
21-Nov-14,163.33,165.01,163.26,164.64,2.81B
24-Nov-14,165.38,166.4,165.26,166.13,2.65B
25-Nov-14,165.76,166.16,165.14,165.14,3.26B
26-Nov-14,165.34,165.58,164.45,165.4,2.88B
27-Nov-14,165.43,166.16,165.43,166.13,2.88B
28-Nov-14,165.81,166.1,165.46,166.1,4.05B
1-Dec-14,166.02,166.81,165.6,166.81,2.86B
2-Dec-14,166.93,167.81,166.63,167.07,3.28B
3-Dec-14,167.37,167.5,166.14,166.37,3.16B
4-Dec-14,166.64,168.08,166.37,167.23,3.22B
5-Dec-14,167.43,167.9,167.31,167.31,2.74B
8-Dec-14,167.91,168.04,165.16,165.74,3.22B
9-Dec-14,165.3,165.81,164.96,165.51,2.97B
10-Dec-14,165.55,166.57,165.55,166.47,3.20B
11-Dec-14,165.8,166.71,165.61,166.18,3.47B
12-Dec-14,166.21,166.91,166.16,166.3,2.99B
15-Dec-14,165.4,165.44,164.39,164.54,2.97B
16-Dec-14,163.15,163.23,161.26,162,4.09B
17-Dec-14,162.31,163.19,161.89,161.89,2.95B
18-Dec-14,163.28,164.69,163.28,164.69,3.14B
19-Dec-14,165.65,166.38,165.14,165.63,3.68B
22-Dec-14,166.14,166.41,164.86,164.86,2.48B
23-Dec-14,165.25,165.94,165.25,165.51,2.56B
24-Dec-14,165.41,166.69,165.41,166.33,2.49B
29-Dec-14,166.5,167.03,166.45,166.98,2.11B
30-Dec-14,166.97,168.64,166.78,168.64,2.98B
2-Jan-15,169.06,169.42,168.78,169.23,2.33B
5-Jan-15,168.85,168.88,167.72,168.09,2.67B
6-Jan-15,166.76,167.15,166.29,166.29,2.56B
7-Jan-15,166.5,167.54,166.47,167.43,3.96B
8-Jan-15,167.89,168.32,167.6,167.81,3.67B
9-Jan-15,168.21,168.75,167.79,167.89,4.14B
12-Jan-15,167.65,168.09,167.1,167.11,2.74B
13-Jan-15,167.59,168.27,167.44,168.27,3.38B
14-Jan-15,168.31,168.57,166.03,166.03,3.05B
15-Jan-15,166.72,167.36,166.32,167.17,2.84B
16-Jan-15,167.05,167.75,165.83,166.08,2.29B
19-Jan-15,166.27,166.8,165.27,165.98,2.90B
20-Jan-15,166.22,167.15,165.42,167.15,2.57B
21-Jan-15,167.47,169.79,167.22,169.79,2.34B
22-Jan-15,169.63,171.65,169.63,171.45,3.69B
23-Jan-15,172.31,173.52,172.31,172.99,4.45B
26-Jan-15,172.54,172.56,168.93,170.69,2.99B
27-Jan-15,170.5,171.2,169.69,171.2,2.49B
28-Jan-15,170.92,171.35,170.71,171.09,2.23B
29-Jan-15,170.78,171.02,170.5,170.66,2.58B
30-Jan-15,171.55,171.71,171.03,171.5,2.54B
2-Feb-15,170.97,171.31,169.85,170.41,2.15B
3-Feb-15,170.71,171.76,170.69,170.95,2.93B
4-Feb-15,171.8,172.52,171.01,171.46,3.69B
5-Feb-15,171.18,171.46,169.3,170.18,2.61B
6-Feb-15,170.62,172.33,170.55,172.33,2.76B
9-Feb-15,172.43,173.15,171.71,172.26,2.76B
10-Feb-15,172.57,172.75,171.03,171.32,2.46B
11-Feb-15,171.81,172.46,171.52,172.07,2.47B
12-Feb-15,172.05,172.18,171.23,172.18,2.72B
13-Feb-15,172.69,173.43,172.27,173.21,2.22B
16-Feb-15,173.38,173.53,170.98,170.98,2.32B
17-Feb-15,171.05,171.7,171.05,171.7,1.84B
18-Feb-15,172.43,173.33,172.4,172.86,3.35B
20-Feb-15,172.67,173.38,172.47,172.53,2.76B
23-Feb-15,172.98,173.45,172.65,173.1,2.43B
24-Feb-15,172.99,173.71,172.81,173.55,2.66B
25-Feb-15,173.91,174.84,173.9,174.8,2.79B
26-Feb-15,174.31,175.29,174.27,174.96,2.66B
27-Feb-15,175.06,175.41,174.29,174.32,2.54B
2-Mar-15,174.46,175.13,174.31,175.13,2.51B
3-Mar-15,175.33,175.79,174.97,175.15,2.65B
4-Mar-15,175.23,175.31,173.62,173.85,2.50B
5-Mar-15,174.08,174.56,173.56,173.56,2.33B
6-Mar-15,174.14,175.74,173.75,175.74,2.72B
9-Mar-15,174.72,174.78,172.98,173.56,2.61B
10-Mar-15,173.25,174.03,172.02,173.83,2.52B
11-Mar-15,173.16,173.18,171.72,172.35,3.10B
12-Mar-15,172.41,173.45,172.28,172.93,2.31B
13-Mar-15,173.61,173.68,172.55,172.88,2.21B
16-Mar-15,172.65,173.36,172.61,172.93,1.76B
17-Mar-15,173.52,173.82,172.59,172.99,2.71B
18-Mar-15,172.68,172.94,171.83,171.83,2.60B
19-Mar-15,173,173.59,173,173.35,3.05B
20-Mar-15,172.88,173.01,172.18,172.72,3.05B
23-Mar-15,173.09,173.7,172.23,172.37,2.09B
24-Mar-15,172.38,173.1,172.26,172.53,2.17B
25-Mar-15,172.18,172.33,170.11,170.3,2.64B
26-Mar-15,169.48,170.32,168.87,168.87,2.64B
27-Mar-15,168.61,170.32,168.43,170.19,2.17B
30-Mar-15,170.98,172.66,170.82,172.24,2.59B
31-Mar-15,173.73,174.1,173.21,174.1,2.69B
1-Apr-15,173.86,174.06,171.97,172.25,2.61B
2-Apr-15,172.64,173.02,171.23,171.74,2.63B
6-Apr-15,172.16,172.69,172.06,172.5,2.13B
7-Apr-15,173,174.43,172.97,174.4,2.84B
8-Apr-15,174.24,174.46,172.75,173.03,2.57B
9-Apr-15,173.34,173.86,173.03,173.86,2.18B
10-Apr-15,173.96,174.09,172.83,173.51,2.45B
13-Apr-15,173.06,173.31,171.59,172.35,2.22B
14-Apr-15,172.28,172.3,170.38,170.97,2.11B
15-Apr-15,171.25,171.39,170.24,171.09,2.06B
16-Apr-15,171.3,171.69,170.33,171,2.12B
17-Apr-15,170.82,171.44,170.78,170.88,1.87B
20-Apr-15,170.86,170.89,169.51,170.01,2.16B
21-Apr-15,170.29,172.19,170.16,172.19,2.19B
22-Apr-15,172.05,172.41,171.21,171.54,2.11B
23-Apr-15,171.69,172.86,171.57,172.1,2.40B
24-Apr-15,172.75,173.49,172.14,172.56,2.00B
27-Apr-15,171.02,171.49,166.43,167.24,2.66B
28-Apr-15,166.45,167.85,164.64,167.85,2.31B
29-Apr-15,167.37,167.77,159.94,163.06,3.01B
30-Apr-15,162.37,163.94,160.06,161.71,2.82B
4-May-15,162.22,164.5,162.05,163.85,2.48B
5-May-15,164.15,165.9,163.5,164.7,2.59B
6-May-15,163.83,166.06,163.41,166.06,1.97B
7-May-15,165.25,166.39,164.48,164.96,2.46B
8-May-15,165.96,167.19,165.94,166.62,2.49B
11-May-15,167.31,167.76,166.35,166.35,2.07B
12-May-15,166.48,167.3,166.44,166.86,2.41B
13-May-15,167.62,169.01,166.74,168.61,3.01B
15-May-15,168.84,169.59,168.13,169.02,2.59B
18-May-15,168.83,169.37,168.5,169.11,2.62B
19-May-15,168.98,169.83,168.22,169.83,2.40B
20-May-15,170.26,170.95,169.9,170.24,2.49B
21-May-15,170.7,170.88,169.53,169.87,2.35B
22-May-15,169.93,170.38,169.65,169.96,2.14B
25-May-15,170.11,170.18,169.42,169.56,2.01B
26-May-15,169.81,171.92,169.76,170.95,2.47B
27-May-15,170.42,170.76,168.58,168.58,2.36B
28-May-15,169.09,169.5,168.21,168.27,2.29B
29-May-15,168.05,168.88,167.07,167.07,4.49B
1-Jun-15,167.21,167.44,166.23,167.44,2.32B
3-Jun-15,167.08,167.56,165.25,165.42,2.56B
4-Jun-15,165.07,165.87,163.97,163.97,2.60B
5-Jun-15,163.65,163.73,162.89,163.66,2.10B
8-Jun-15,163.18,163.25,160.72,161,2.44B
9-Jun-15,160.99,161,156.04,157.42,2.77B
10-Jun-15,158.05,160.37,158.01,159.4,3.34B
11-Jun-15,160.85,161.11,159.16,159.61,2.23B
12-Jun-15,159.98,160.28,159.04,159.4,2.78B
15-Jun-15,159.04,159.08,155.74,155.74,2.43B
16-Jun-15,156.06,157.49,155.49,156.67,2.70B
17-Jun-15,157.3,159.05,157.3,158.47,2.84B
18-Jun-15,158.59,159.47,158.59,159.28,2.30B
19-Jun-15,159.53,160.17,159.38,159.87,1.78B
22-Jun-15,160.07,160.08,158.9,158.9,1.92B
23-Jun-15,159.2,159.91,158.21,158.21,2.46B
24-Jun-15,159.13,160.04,159.05,160.04,3.18B
25-Jun-15,159.67,159.75,158.82,158.82,2.62B
26-Jun-15,158.78,159.28,157.91,158.47,2.13B
29-Jun-15,157.76,157.78,156.34,156.86,2.09B
30-Jun-15,156.82,158.53,156.57,157.92,2.21B
1-Jul-15,158.47,158.78,157.43,157.43,2.51B
2-Jul-15,157.95,159.54,157.95,158.84,2.86B
3-Jul-15,158.61,160.47,158.61,160.47,2.58B
6-Jul-15,159.32,159.78,158.33,158.43,2.35B
7-Jul-15,158.49,158.8,157.17,157.94,2.56B
8-Jul-15,158.41,158.41,156.49,156.72,3.10B
9-Jul-15,156.09,156.17,154.41,155.29,2.58B
10-Jul-15,156.07,156.75,155.4,155.84,2.40B
13-Jul-15,156.19,157.21,155.88,157.18,1.89B
14-Jul-15,157.81,158.32,157.03,157.37,2.02B
15-Jul-15,157.2,157.5,155.99,156.77,1.78B
22-Jul-15,157.12,157.56,156.17,157.48,2.00B
23-Jul-15,157.06,157.42,156.87,157.23,1.99B
24-Jul-15,156.73,156.78,155.32,155.51,1.57B
27-Jul-15,154.69,155.25,152.68,152.68,2.26B
28-Jul-15,152.29,152.62,151.71,151.77,2.40B
29-Jul-15,152.4,153.59,152.04,152.04,2.49B
30-Jul-15,152.63,153.02,151.79,151.96,2.37B
31-Jul-15,152.25,154.6,152.19,154.5,2.20B
3-Aug-15,153.57,154.08,152.73,153.41,2.04B
4-Aug-15,152.61,153.58,152.55,152.89,2.12B
5-Aug-15,153.2,154.55,152.97,154.55,2.40B
6-Aug-15,154.66,154.79,152.46,152.46,2.26B
7-Aug-15,152.59,152.81,151.32,151.77,2.31B
10-Aug-15,151.63,151.72,150.08,150.9,2.10B
11-Aug-15,151.24,151.63,146.66,146.66,3.25B
12-Aug-15,145.26,145.27,141.05,141.49,2.82B
13-Aug-15,141.95,146.22,141.95,145.69,2.73B
14-Aug-15,145.55,146.23,144.54,145.88,2.39B
18-Aug-15,145.39,145.61,143.63,143.67,2.31B
19-Aug-15,143.11,144.2,142.45,142.67,1.96B
20-Aug-15,142.21,142.41,141,141.44,2.66B
21-Aug-15,140.36,140.36,138.02,138.02,2.62B
24-Aug-15,134.86,134.9,129.84,132.04,3.02B
25-Aug-15,132.25,136.25,131.86,133.66,3.47B
26-Aug-15,132.47,133.33,130.68,133.22,2.82B
27-Aug-15,134.82,139.47,134.82,139.32,3.68B
28-Aug-15,140.86,141.79,139.24,139.8,3.47B
31-Aug-15,140.11,142.31,139.88,142.31,2.82B
1-Sep-15,141.58,141.63,139.54,139.58,2.18B
2-Sep-15,138.11,139.87,137.37,139.19,2.94B
3-Sep-15,140.19,141.17,139.34,140.96,2.62B
4-Sep-15,140.74,141.13,139.98,140.39,2.40B
7-Sep-15,139.66,139.7,135.57,135.85,2.43B
8-Sep-15,135.12,136.56,134.57,136.32,2.75B
9-Sep-15,137.33,138.06,136.63,137.76,3.10B
10-Sep-15,136.4,138.16,135.71,138.16,2.88B
11-Sep-15,138.96,139.97,138.88,139.42,2.48B
14-Sep-15,140.03,140.54,139.61,140.53,2.07B
15-Sep-15,140.03,140.06,138.32,138.61,2.87B
16-Sep-15,139.22,139.57,137.91,138.09,3.13B
17-Sep-15,138.52,139.62,138.29,139.51,2.44B
18-Sep-15,139.71,140.88,138.74,139.71,3.65B
21-Sep-15,138.8,139.9,138.56,139.66,2.44B
22-Sep-15,139.98,140.27,138.1,138.34,2.44B
23-Sep-15,137.21,137.22,135.29,135.39,2.80B
25-Sep-15,135.87,136.14,134.12,134.6,2.58B
28-Sep-15,134.06,134.16,131.61,131.61,2.05B
29-Sep-15,129.94,133.53,128.4,133.53,3.18B
30-Sep-15,133.67,134.39,132.76,134.39,2.81B
1-Oct-15,134.54,136.32,134.41,136.03,2.68B
2-Oct-15,135.57,135.77,134.27,134.27,3.04B
5-Oct-15,135.2,138.72,135.18,138.48,2.96B
6-Oct-15,139.88,142.54,139.88,141.78,3.96B
7-Oct-15,141.88,143.22,140.56,143.12,4.20B
8-Oct-15,143.54,144.76,142.61,142.95,3.34B
9-Oct-15,144.6,147.09,144.6,145.95,5.45B
12-Oct-15,146.18,147.24,146.06,147.06,4.91B
13-Oct-15,146.79,146.8,142,142,3.70B
15-Oct-15,142.99,144.57,142.96,142.96,2.97B
16-Oct-15,143.87,144.45,142.78,143.57,2.97B
19-Oct-15,143.99,145.24,143.93,145.24,2.96B
20-Oct-15,145.08,146.58,145.03,145.5,3.16B
21-Oct-15,145.91,147.43,145.47,146.2,3.39B
22-Oct-15,146.2,146.24,144.67,144.97,3.21B
23-Oct-15,147.25,147.84,146.16,147.01,3.40B
26-Oct-15,147.62,148.07,147.28,147.97,3.02B
27-Oct-15,147.19,147.3,145.59,147.3,2.35B
28-Oct-15,146.67,146.88,144.92,145.41,3.15B
29-Oct-15,145.33,145.42,140.92,140.92,2.94B
30-Oct-15,140.82,141.72,140.17,140.96,2.53B
2-Nov-15,140.65,142.12,140.46,142.12,2.23B
3-Nov-15,142.86,143.87,142.86,143.51,2.62B
4-Nov-15,144.23,145.73,144.21,145.73,2.71B
5-Nov-15,145.22,145.64,144.37,144.65,1.96B
6-Nov-15,144.68,145.26,144.24,144.31,1.80B
9-Nov-15,143.86,143.87,141.34,141.99,1.86B
10-Nov-15,140.87,142.79,140.49,140.49,3.37B
11-Nov-15,140.54,141.21,139.85,140.8,2.33B
12-Nov-15,141.06,141.79,140.57,140.57,2.12B
13-Nov-15,139.86,141.64,139.56,141.04,2.22B
16-Nov-15,139.97,140.37,138.53,139.71,1.92B
17-Nov-15,140.83,141.71,140.83,141.12,2.22B
18-Nov-15,141.47,142.35,141.02,141.73,1.67B
19-Nov-15,142.53,143.1,142.36,142.63,2.32B
20-Nov-15,142.73,144.33,142.56,144.33,2.53B
23-Nov-15,144.63,145.28,142.93,142.93,2.05B
24-Nov-15,143.19,143.56,142.71,142.77,1.88B
25-Nov-15,143.14,143.67,143.03,143.67,1.94B
26-Nov-15,143.93,144.72,143.61,144.11,2.05B
27-Nov-15,144.28,144.72,142.64,143.65,1.80B
30-Nov-15,142.37,142.45,139.8,139.8,3.26B
1-Dec-15,141.59,143.17,141.59,143.17,2.02B
2-Dec-15,143.12,143.62,142.67,142.93,1.99B
3-Dec-15,142.19,143.36,141.95,142.53,1.73B
4-Dec-15,141.49,142.62,141.35,141.57,1.92B
7-Dec-15,142.22,143.02,141.91,142.09,1.72B
8-Dec-15,141.12,141.66,139.66,139.66,2.03B
10-Dec-15,139,140.02,138.81,139.19,1.95B
11-Dec-15,139.63,139.75,136.5,136.5,1.58B
14-Dec-15,135.76,136.24,134.45,136.21,1.62B
15-Dec-15,136.1,137.5,136.05,137.5,1.64B
16-Dec-15,139.14,139.4,138.03,139.4,2.14B
17-Dec-15,141.58,142.77,140.99,142.77,2.25B
18-Dec-15,141.09,141.32,140.15,140.65,1.77B
21-Dec-15,140,141.55,139.84,141.47,1.60B
22-Dec-15,141.65,142.29,141.11,142.25,1.88B
23-Dec-15,142.11,142.37,141.17,142.01,1.72B
28-Dec-15,141.9,143.55,141.69,143.22,1.68B
29-Dec-15,143.07,143.71,143.07,143.71,1.57B
30-Dec-15,143.96,145.18,143.93,145.06,2.15B
4-Jan-16,144.64,145.1,142.36,142.36,1.58B
5-Jan-16,142.44,144.54,142.41,143.38,1.74B
6-Jan-16,143.91,146.91,143.75,145.87,2.30B
7-Jan-16,144.54,144.72,143.36,143.36,1.71B
8-Jan-16,143.29,143.92,142.09,143.52,1.84B
11-Jan-16,142.41,142.49,140.7,140.84,1.48B
12-Jan-16,141.53,142.96,141.53,142.49,1.84B
13-Jan-16,143.38,144.23,143.19,143.33,2.01B
14-Jan-16,141.78,142.89,140.24,141.78,2.61B
15-Jan-16,142.23,143.03,141.67,141.88,1.82B
18-Jan-16,140.45,141.06,140.07,140.41,1.41B
19-Jan-16,140.74,141.47,140.2,141.26,1.90B
20-Jan-16,140.77,141.28,139.41,139.41,2.04B
21-Jan-16,140.2,140.7,138.86,139.19,1.79B
22-Jan-16,140.56,140.79,139.49,140.71,2.06B
25-Jan-16,141.71,142.34,141.32,141.63,1.88B
26-Jan-16,141.06,141.59,140.78,141.59,1.66B
27-Jan-16,142.1,143.46,141.81,143.46,2.58B
28-Jan-16,143.52,144.01,142.92,144.01,2.37B
29-Jan-16,144.4,144.89,143.25,144.88,2.88B
1-Feb-16,144.98,145.5,143.37,144.42,1.93B
2-Feb-16,143.72,144.76,143.41,143.41,2.31B
3-Feb-16,142.5,144.63,142.26,144.52,1.82B
4-Feb-16,144.91,147.18,144.91,146.79,2.31B
5-Feb-16,147.13,150.44,147.07,150.33,2.75B
9-Feb-16,149.22,149.61,147.72,149.29,1.48B
10-Feb-16,148.68,149.91,148.57,148.88,2.11B
11-Feb-16,148.79,151.14,148.74,150.71,3.01B
12-Feb-16,149.85,150.26,148.15,148.35,2.12B
15-Feb-16,149.42,149.97,148.62,149.07,2.82B
16-Feb-16,149.19,150,148.6,149.35,2.88B
17-Feb-16,149.2,150.46,149.18,150.2,3.52B
18-Feb-16,150.87,151.54,150.09,150.87,3.77B
19-Feb-16,150.72,150.75,147.87,148.79,2.42B
22-Feb-16,148.62,149.2,148.32,149.03,1.83B
23-Feb-16,149.43,149.59,146,147.19,2.54B
24-Feb-16,146.71,147.17,145.6,146.78,2.07B
25-Feb-16,147.25,147.77,146.72,147.38,2.60B
26-Feb-16,148.75,150.12,148.17,150,2.13B
29-Feb-16,150.23,151.67,149.48,151.15,2.06B
1-Mar-16,151.02,152.38,150.98,152.31,2.41B
2-Mar-16,153.21,154.58,153.21,154.58,2.70B
3-Mar-16,155.14,155.46,153.64,154.53,3.05B
4-Mar-16,154.77,155.14,152.65,154.44,3.65B
7-Mar-16,154.65,154.95,153.41,153.84,3.45B
8-Mar-16,153.81,154.47,152.03,153.31,2.93B
10-Mar-16,153.04,153.35,151.92,153.35,2.50B
11-Mar-16,153.17,154.16,153.08,154.16,2.33B
14-Mar-16,155.09,156.8,154.99,156.8,3.23B
15-Mar-16,156.73,156.95,155.26,155.41,2.76B
16-Mar-16,155.38,156.17,155.08,156.17,2.64B
17-Mar-16,156.99,157.67,156.74,157.61,3.64B
18-Mar-16,158.05,158.76,157.48,157.96,3.80B
21-Mar-16,157.45,158.64,157.13,157.63,2.60B
22-Mar-16,157.18,157.8,156,157.22,2.62B
23-Mar-16,156.82,156.94,155.48,156.41,2.59B
24-Mar-16,155.63,156.25,155.18,155.56,2.16B
28-Mar-16,154.99,155.16,153.34,153.91,1.96B
29-Mar-16,153.63,154.56,153.31,153.9,2.28B
30-Mar-16,154.62,155.94,154.57,155.34,2.69B
31-Mar-16,155.78,156.06,154.8,155.91,4.16B
1-Apr-16,156.12,156.43,155.52,156.43,2.32B
4-Apr-16,156.56,157.2,156.47,157.15,2.94B
5-Apr-16,156.98,157.14,156.26,156.31,2.66B
6-Apr-16,156.16,156.95,156.15,156.89,3.74B
7-Apr-16,157.42,158.01,156.88,157.09,3.81B
8-Apr-16,156.17,157.34,156.07,157.26,3.27B
11-Apr-16,156.63,157.31,154.79,155.57,2.31B
12-Apr-16,155.59,157.1,155.25,157.1,2.81B
13-Apr-16,157.54,158.16,157.16,158.16,5.53B
14-Apr-16,158.77,158.85,156.74,156.74,3.68B
15-Apr-16,157.66,158.49,156.89,158.49,2.71B
18-Apr-16,158.34,159.51,157.38,159.51,2.35B
19-Apr-16,160.13,160.92,159.97,160.88,3.69B
20-Apr-16,160.7,161.21,160.42,160.93,3.45B
21-Apr-16,161.28,162,161.08,161.79,2.91B
22-Apr-16,161.53,162.43,160.97,161.65,3.03B
25-Apr-16,162.16,162.16,160.26,160.74,2.90B
26-Apr-16,160.49,160.51,158.12,158.95,2.57B
27-Apr-16,158.31,158.79,157.71,158.77,2.96B
28-Apr-16,159.02,159.49,157.23,157.99,2.83B
29-Apr-16,157.75,157.76,156.79,157.46,2.52B
2-May-16,156.78,157.12,154.94,155.93,2.27B
3-May-16,156.26,156.68,155.58,155.85,2.51B
4-May-16,155.83,156.63,154.38,156.63,3.01B
9-May-16,156.49,156.94,154.43,154.43,2.36B
10-May-16,154.58,154.93,153.8,154.84,2.38B
11-May-16,155.45,156.81,155.24,156.34,1.96B
12-May-16,156.25,157.32,155.99,156.13,2.44B
13-May-16,156.21,156.28,153.74,154.33,2.58B
16-May-16,154.21,154.57,152.79,153.2,2.21B
17-May-16,153.68,154.14,153.29,153.77,2.35B
18-May-16,153.67,154.56,153.48,154.37,2.71B
19-May-16,154.18,154.33,152.61,153.22,2.35B
20-May-16,153.08,153.78,152.84,153.29,2.23B
23-May-16,153.4,154.35,153.4,154.32,1.97B
24-May-16,154.22,154.71,153.44,153.49,2.13B
25-May-16,154.35,156.04,154.33,155.99,2.61B
26-May-16,156.29,156.46,155.64,156.34,2.18B
27-May-16,156.25,157.68,155.96,157.68,2.54B
30-May-16,157.67,158.34,157.54,157.54,2.88B
31-May-16,157.27,157.64,156.23,156.35,3.38B
1-Jun-16,156.65,157.99,156.61,157.5,1.79B
2-Jun-16,157.33,158.26,157.2,157.23,1.76B
3-Jun-16,157.91,158.77,157.7,158.19,1.67B
6-Jun-16,158.52,160.02,158.46,160.02,2.03B
7-Jun-16,160.32,161.47,160.32,161.47,2.37B
8-Jun-16,161.38,161.73,159.52,160.65,1.96B
9-Jun-16,160.79,161.03,159.84,159.84,2.42B
10-Jun-16,160.03,160.22,158.92,158.92,2.52B
13-Jun-16,158.3,158.63,157.91,157.91,1.41B
14-Jun-16,157.58,158.6,157.25,158.39,1.58B
15-Jun-16,158.09,159.31,157.91,159.31,1.62B
16-Jun-16,159.28,159.6,158.52,158.82,2.05B
17-Jun-16,159.26,159.95,158.72,159.95,2.61B
20-Jun-16,160.34,160.8,159.56,160.8,1.97B
21-Jun-16,161.24,161.9,161,161.29,3.50B
22-Jun-16,161.36,162.42,161.36,162.37,3.74B
23-Jun-16,162.14,162.34,161.03,161.64,2.30B
24-Jun-16,161.88,162.06,157.36,160.01,3.13B
27-Jun-16,159.13,160.92,158.71,160.56,2.41B
28-Jun-16,160.59,161.9,160.59,161.46,3.14B
29-Jun-16,162.41,164.81,162.41,164.81,2.59B
30-Jun-16,165.35,166.36,165.28,165.94,3.14B
1-Jul-16,166.29,166.48,164.28,164.45,2.07B
11-Jul-16,165.94,168.29,165.92,167.35,2.68B
12-Jul-16,168.2,168.89,166.85,167.86,3.63B
13-Jul-16,168.29,170.01,167.99,170.01,3.53B
14-Jul-16,169.29,169.58,167.67,167.93,2.94B
15-Jul-16,167.79,169.59,167.79,168.92,2.96B
18-Jul-16,169,170.03,168.65,169.98,3.04B
19-Jul-16,170.42,171.8,170.39,170.78,3.04B
20-Jul-16,170.99,171.86,170.96,171.86,2.69B
21-Jul-16,171.78,172.2,170.22,170.32,3.39B
22-Jul-16,170.43,170.45,169.47,170.13,2.28B
25-Jul-16,170.4,171.93,170.29,171.93,2.34B
26-Jul-16,171.88,172.61,171.45,172.3,2.99B
27-Jul-16,173.31,175.31,173.31,174.63,3.35B
28-Jul-16,174.89,176.16,174.32,176.16,3.70B
29-Jul-16,175.97,177.58,173.75,173.75,4.98B
1-Aug-16,175.52,178.31,175.52,178.22,4.00B
2-Aug-16,177.8,178.8,177.54,177.55,3.13B
3-Aug-16,177.49,178.3,176.62,176.9,3.23B
4-Aug-16,177.32,178.34,176.94,177.8,3.27B
5-Aug-16,178.11,179.03,177.91,178.94,3.33B
8-Aug-16,179.2,180.63,179.18,180.63,3.81B
9-Aug-16,180.62,181.26,180.13,180.52,4.23B
10-Aug-16,180.51,181.09,179.47,180.35,4.01B
11-Aug-16,180.56,181.52,179.21,180.01,4.65B
12-Aug-16,180.58,180.98,177.78,178.23,2.80B
15-Aug-16,178.4,178.57,174.68,175.53,2.90B
16-Aug-16,176.25,177.51,176.01,177.32,2.73B
18-Aug-16,178.07,180.82,177.98,180.62,3.19B
19-Aug-16,180.88,181.13,178.29,178.29,2.68B
22-Aug-16,178.91,179.66,178.46,179.32,2.37B
23-Aug-16,179.86,179.99,176.3,179.13,2.71B
24-Aug-16,178.85,178.9,177.53,178.36,2.68B
25-Aug-16,178.61,180.32,178.51,180.32,2.47B
26-Aug-16,180.29,180.43,179.44,180.19,2.18B
29-Aug-16,179.86,180.02,176.54,177.24,2.35B
30-Aug-16,177.49,178.4,176.48,177.47,3.14B
31-Aug-16,177.3,178.69,177.26,178.66,2.55B
1-Sep-16,177.72,178.08,176.06,176.6,2.45B
2-Sep-16,176.58,177.8,176.46,177.53,1.81B
5-Sep-16,178.2,179.11,177.42,177.8,2.53B
6-Sep-16,178.09,178.45,177.19,178.27,2.08B
7-Sep-16,178.51,178.92,177.41,178.37,2.11B
8-Sep-16,178.58,178.61,177.63,177.75,2.16B
9-Sep-16,177.32,177.47,174.68,174.87,2.20B
13-Sep-16,174.35,174.36,172.12,172.19,2.38B
14-Sep-16,171.45,171.49,168.81,169.46,2.26B
15-Sep-16,169.66,174.24,169.64,173.99,2.55B
16-Sep-16,174.74,175.36,172.34,172.87,2.18B
19-Sep-16,173.6,175.58,173.6,175.24,1.67B
20-Sep-16,175.16,175.84,174.47,174.56,3.53B
21-Sep-16,174.39,176.55,173.68,176.32,2.36B
22-Sep-16,177.71,178.77,176.83,177.2,2.71B
23-Sep-16,177.12,177.56,176.26,177.56,2.11B
26-Sep-16,176.58,176.89,175.35,176.01,1.84B
27-Sep-16,175.4,178.25,174.45,178.25,3.20B
28-Sep-16,177.74,179.02,177.33,178.74,2.51B
29-Sep-16,179.34,180.78,179.24,179.9,3.30B
30-Sep-16,178.87,179.66,176.93,176.93,2.54B
3-Oct-16,178.41,180.55,178.41,180.55,2.43B
4-Oct-16,180.96,181.14,180.18,180.5,2.79B
5-Oct-16,180.08,180.11,177.67,178.44,2.29B
6-Oct-16,178.5,179.26,177.33,177.97,2.63B
7-Oct-16,177.88,178.27,176.83,177.32,1.91B
10-Oct-16,177.29,177.96,176.88,177.26,1.94B
11-Oct-16,177.51,178.16,176.9,178.16,2.76B
12-Oct-16,177.76,178.19,177.05,177.78,2.79B
13-Oct-16,177.75,178.28,176.61,176.61,2.07B
14-Oct-16,176.75,178.25,176.19,178.19,1.88B
17-Oct-16,177.83,178.38,177.41,177.93,2.28B
18-Oct-16,178.28,179.45,178.2,179.23,2.71B
19-Oct-16,179.22,179.65,178.45,178.45,2.18B
20-Oct-16,178.66,179.08,177.75,178.28,3.21B
21-Oct-16,178.5,178.76,177.99,178.06,2.71B
24-Oct-16,178.31,179.26,178.31,178.97,2.29B
25-Oct-16,179.05,179.34,178.43,178.46,2.26B
26-Oct-16,178.17,178.81,178.11,178.68,2.43B
27-Oct-16,178.98,179.43,178.75,179.37,7.35B
28-Oct-16,179.22,179.67,178.6,178.89,3.66B
31-Oct-16,178.9,179.23,178.54,179.22,3.44B
1-Nov-16,179.37,179.65,178.78,178.79,2.63B
2-Nov-16,178.74,178.9,177.67,178.01,3.15B
3-Nov-16,177.8,178.15,175.38,175.38,2.51B
4-Nov-16,174.65,176.5,174.35,176.5,2.01B
7-Nov-16,176.46,177.7,176.05,177.34,2.62B
8-Nov-16,178.05,180.36,178.05,180.19,2.40B
9-Nov-16,180.34,180.73,175.8,178.22,3.19B
10-Nov-16,179.34,181.21,179.27,180.05,3.04B
11-Nov-16,177.62,177.62,172.39,172.39,3.42B
14-Nov-16,171.41,171.52,166.31,168.6,3.24B
15-Nov-16,169.03,170.41,166.77,166.99,2.95B
16-Nov-16,168.39,171.65,168.39,171.12,2.84B
17-Nov-16,170.87,171.3,169.94,171.1,2.06B
18-Nov-16,171.07,171.15,168.91,169.9,1.80B
21-Nov-16,169.19,169.42,168.63,169.17,2.57B
22-Nov-16,169.22,170.45,169.18,170.25,3.28B
23-Nov-16,170.41,171.16,170.26,171.16,3.40B
24-Nov-16,170.59,170.69,167.81,167.98,2.77B
25-Nov-16,167.72,168.75,167.72,168.6,2.00B
28-Nov-16,168.77,169.39,167.91,168.96,3.00B
29-Nov-16,168.86,171.05,168.86,170.04,3.37B
30-Nov-16,170.39,171.62,170,170,5.61B
1-Dec-16,171.14,172.58,171.11,171.96,4.45B
2-Dec-16,171.94,173.52,171.57,173.34,2.31B
5-Dec-16,173.37,174.5,173.06,174.09,2.60B
6-Dec-16,174.3,174.71,173.35,173.9,2.60B
7-Dec-16,173.7,173.73,172.21,173.19,2.20B
8-Dec-16,173.43,174.44,173.24,174.44,2.99B
9-Dec-16,174.27,174.67,173.8,174.67,2.01B
13-Dec-16,174.58,174.59,172.75,173.93,2.02B
14-Dec-16,173.74,174.16,172.47,172.54,2.17B
15-Dec-16,171.52,172.68,170.72,171.93,1.79B
16-Dec-16,172.33,172.47,170.74,170.74,2.26B
19-Dec-16,171.19,171.25,169.17,169.24,2.16B
20-Dec-16,168.73,169.12,167.12,167.44,1.79B
21-Dec-16,168.27,168.95,166.62,166.62,1.71B
22-Dec-16,166.52,166.82,163.8,164.1,1.76B
23-Dec-16,163.96,164.92,163,163,1.44B
27-Dec-16,163.2,165.74,163.2,165.31,1.14B
28-Dec-16,166.51,169.28,166.51,169.18,1.47B
29-Dec-16,169.14,172.54,169,172.35,1.80B
30-Dec-16,172.55,173.46,172.08,172.08,1.76B
3-Jan-17,171.66,171.9,170.25,171.37,1.17B
4-Jan-17,170.82,172.32,170.68,171.82,1.84B
5-Jan-17,172.09,173.01,172.09,172.83,2.13B
6-Jan-17,172.98,173.88,172.85,173.69,1.84B
9-Jan-17,173.9,174.14,172.74,173.05,1.85B
10-Jan-17,173.2,173.26,171.89,173.04,1.63B
11-Jan-17,173.14,173.43,172.54,172.57,2.46B
12-Jan-17,172.28,173.19,172.17,172.19,2.96B
13-Jan-17,172.16,172.48,171.5,171.72,2.26B
16-Jan-17,171.93,172.21,171.22,171.22,1.99B
17-Jan-17,171.13,171.87,171.03,171.3,2.51B
18-Jan-17,171.52,172.69,171.52,172.69,3.69B
19-Jan-17,172.73,173.18,172.41,172.79,3.83B
20-Jan-17,172.39,172.55,170.81,171.16,5.14B
23-Jan-17,170.97,171.28,169.87,170.81,4.17B
24-Jan-17,171.25,172.38,171.13,172.24,3.50B
25-Jan-17,172.44,172.91,172.22,172.58,5.67B
26-Jan-17,172.97,173.56,172.25,173.3,3.69B
27-Jan-17,172.85,173.13,172.25,173.02,3.19B
30-Jan-17,172.86,173.33,172.3,172.3,3.89B
31-Jan-17,173.09,173.17,172.36,172.48,3.96B
1-Feb-17,173.25,173.84,173.01,173.32,4.54B
2-Feb-17,173.36,174.42,173.24,174.42,4.36B
3-Feb-17,174.22,174.85,174.22,174.72,5.66B
6-Feb-17,174.67,175.42,174.6,175.42,5.05B
7-Feb-17,175.14,175.29,174.42,174.63,4.64B
8-Feb-17,174.66,174.86,173.69,174.21,6.95B
9-Feb-17,174.29,174.75,174,174.2,4.06B
10-Feb-17,174.31,175.55,174.22,174.91,4.25B
13-Feb-17,175.36,176.09,175.13,175.82,3.80B
14-Feb-17,175.63,175.93,174.56,174.83,4.19B
16-Feb-17,175.4,175.72,174.79,175.27,3.97B
17-Feb-17,174.98,175,173.92,174.18,3.40B
20-Feb-17,174.35,174.79,173.97,174.12,2.86B
21-Feb-17,174.35,174.73,173.8,174.02,5.25B
22-Feb-17,174.25,174.61,173.28,173.93,4.57B
23-Feb-17,173.74,174.23,173.7,174.11,6.33B
24-Feb-17,173.77,174.71,173.75,174.53,3.16B
27-Feb-17,174.52,174.81,173.9,174.21,2.47B
28-Feb-17,174.64,175.38,174.59,174.75,3.29B
1-Mar-17,174.9,175.06,173.46,173.72,2.89B
2-Mar-17,174.59,175.39,174.59,174.64,2.33B
3-Mar-17,174.65,174.95,174.26,174.43,3.47B
6-Mar-17,174.8,175.8,174.8,175.8,3.02B
7-Mar-17,175.92,176.09,175.04,175.53,2.88B
8-Mar-17,175.54,175.76,174.66,174.69,2.34B
9-Mar-17,174.62,174.95,174.33,174.83,1.89B
10-Mar-17,175.08,175.26,173.46,174.1,2.29B
13-Mar-17,173.92,174.89,173.92,174.82,2.41B
14-Mar-17,174.94,176.09,174.9,175.56,2.59B
15-Mar-17,175.49,175.92,175.22,175.47,2.26B
16-Mar-17,176.16,178.63,176.01,178.63,2.48B
17-Mar-17,179.12,179.51,177.55,179,3.36B
20-Mar-17,178.96,179.45,177.46,178.6,3.20B
21-Mar-17,178.55,179.12,177.97,178.83,2.56B
22-Mar-17,177.98,178.2,176.71,178.2,2.77B
23-Mar-17,178.29,178.99,178.05,178.73,2.09B
24-Mar-17,178.73,179.57,178.37,179.16,2.77B
27-Mar-17,178.97,179.31,178.21,178.67,2.09B
29-Mar-17,178.9,180.99,178.9,180.99,2.43B
30-Mar-17,180.92,181,179.94,180.89,2.99B
31-Mar-17,181.06,181.52,180.39,180.49,2.93B
3-Apr-17,181.02,182,181.01,181.67,2.18B
4-Apr-17,182.01,183.49,181.93,183.42,3.67B
5-Apr-17,184.01,184.13,182.8,183.95,2.93B
6-Apr-17,183.42,183.52,182.04,182.91,2.18B
7-Apr-17,182.53,182.63,181.53,181.7,2.80B
10-Apr-17,181.78,182.09,181.17,181.72,3.08B
11-Apr-17,181.77,182.77,181.63,181.83,3.82B
12-Apr-17,182.27,182.86,182.05,182.82,4.51B
13-Apr-17,182.95,183.21,181.99,181.99,2.71B
17-Apr-17,182.32,182.39,180.71,180.71,2.05B
18-Apr-17,181.33,182.15,181.26,181.26,2.56B
20-Apr-17,181.01,181.79,180.97,181.38,2.22B
21-Apr-17,181.87,185.06,181.82,185.06,2.24B
25-Apr-17,185.94,186.14,184.52,185.45,2.40B
26-Apr-17,185.13,186.32,184.97,186.32,2.42B
27-Apr-17,186.29,186.46,185.59,186,2.34B
28-Apr-17,186.32,186.42,184.63,184.69,1.82B
2-May-17,185.25,185.43,183.81,183.81,2.22B
3-May-17,183.94,184.11,182.05,182.07,2.73B
4-May-17,182.25,182.75,181.59,182.35,3.12B
5-May-17,182.21,182.88,181.91,182.2,3.00B
8-May-17,183.19,184.09,182.71,183.42,2.65B
9-May-17,184.06,184.38,182.32,182.63,2.85B
10-May-17,182.47,183.17,180.55,180.98,2.90B
12-May-17,181.65,182.33,181.23,181.3,4.30B
15-May-17,181.66,181.88,180.41,181.67,2.44B
16-May-17,181.93,182.04,181.04,181.04,2.54B
17-May-17,181.59,181.86,179.68,179.96,2.70B
18-May-17,179.38,180.15,179.01,180.05,4.00B
19-May-17,180.17,186.25,179.74,184.53,4.77B
22-May-17,186.03,187.29,183.54,183.81,4.25B
23-May-17,184.25,184.76,181.92,183.21,3.48B
24-May-17,181.47,182.67,181.38,182.54,4.07B
26-May-17,182.87,183.68,182.76,183.47,3.44B
29-May-17,183.66,183.73,182.55,182.91,3.69B
30-May-17,182.52,183.12,181.52,181.52,4.56B
31-May-17,181.54,183.12,181.49,183.12,5.88B
2-Jun-17,183.33,183.75,182.53,183.34,4.08B
5-Jun-17,183.33,183.78,182.74,183.16,3.92B
6-Jun-17,183.22,183.37,181.75,181.88,4.28B
7-Jun-17,182.47,182.76,181.82,182.12,3.52B
8-Jun-17,182.17,182.41,181.3,181.38,3.47B
9-Jun-17,181.45,181.56,180.47,180.64,3.53B
12-Jun-17,180.65,181.65,180.65,180.87,2.54B
13-Jun-17,181.25,181.81,181.07,181.76,3.09B
14-Jun-17,182.01,184.58,181.97,184.58,3.34B
15-Jun-17,183.94,184.06,183.49,183.83,2.22B
16-Jun-17,183.47,184.65,181.86,182.18,3.64B
19-Jun-17,182.45,182.75,181.61,182.07,3.57B
20-Jun-17,182.47,184.04,182.35,184.04,3.07B
21-Jun-17,183.26,184.71,183.17,184.71,2.65B
22-Jun-17,185.29,185.35,184.45,185.22,2.44B
3-Jul-17,185.88,187.58,185.37,187.58,3.36B
4-Jul-17,187.03,187.17,185.59,185.91,2.47B
5-Jul-17,185.93,186.38,184.16,184.87,2.73B
6-Jul-17,184.66,185.99,184.64,185.83,2.00B
7-Jul-17,185.56,186.02,183.94,184.26,2.22B
10-Jul-17,184.26,184.74,182.48,182.61,2.24B
11-Jul-17,183.02,183.31,182.7,182.98,3.54B
12-Jul-17,182.91,184.56,182.91,184.19,2.71B
13-Jul-17,185.01,185.15,183.94,184.48,2.78B
14-Jul-17,184.4,184.91,183.88,184.91,2.59B
17-Jul-17,184.94,185.35,184.83,185.28,3.31B
18-Jul-17,185.03,185.12,183.95,184.41,3.40B
19-Jul-17,184.47,184.47,183.42,183.85,3.10B
20-Jul-17,184.06,184.96,183.99,184.83,3.03B
21-Jul-17,184.78,184.93,182.74,183.04,2.72B
24-Jul-17,182.8,184.04,182.39,184.04,3.21B
25-Jul-17,184.16,184.16,182.95,184.03,2.76B
26-Jul-17,184.1,184.55,182.93,183.54,3.57B
27-Jul-17,183.63,184.1,183.22,183.52,3.35B
28-Jul-17,183.75,184.11,182.96,184.11,3.27B
31-Jul-17,183.88,184.76,183.6,184.54,3.84B
1-Aug-17,184.77,185.05,183.99,183.99,4.13B
2-Aug-17,184.44,184.65,183.74,184.65,3.41B
3-Aug-17,184.21,184.52,183.2,183.27,2.96B
4-Aug-17,183.26,183.74,182.81,183.08,2.63B
7-Aug-17,183.16,184.37,182.44,182.52,2.72B
8-Aug-17,182.63,183.98,182.63,183.98,2.63B
9-Aug-17,183.94,185.23,183.94,185.23,3.80B
10-Aug-17,185.12,185.53,184.77,185.44,3.56B
11-Aug-17,185,185,183.04,183.4,3.19B
14-Aug-17,183.96,185.11,183.96,184.8,3.69B
15-Aug-17,185.15,186.14,185.11,185.67,4.37B
16-Aug-17,186,186.8,185.68,186.8,3.87B
18-Aug-17,186.44,187.32,186.35,186.89,3.13B
21-Aug-17,187.04,187.32,185.49,185.81,2.76B
22-Aug-17,186.03,186.84,186.03,186.63,4.50B
23-Aug-17,187.15,187.53,186.6,187.35,4.41B
24-Aug-17,187.29,187.53,186.33,187.06,4.25B
25-Aug-17,187.19,187.77,186.58,187.77,4.43B
28-Aug-17,187.58,187.88,186.75,187.12,3.43B
29-Aug-17,187.06,187.16,185.92,186.65,2.90B
30-Aug-17,186.75,187.03,185.88,186.64,3.00B
31-Aug-17,186.73,186.93,185.41,186.09,3.28B
4-Sep-17,186.26,186.4,184.42,184.57,2.75B
5-Sep-17,184.4,184.88,182.92,184.35,4.22B
6-Sep-17,183.91,184.66,183.75,184.54,3.58B
7-Sep-17,184.32,184.59,183.87,184.4,3.18B
8-Sep-17,184.36,185.72,184.32,185.51,3.43B
11-Sep-17,185.66,186.36,185.42,185.95,3.69B
12-Sep-17,186.18,186.26,185.04,185.47,3.57B
13-Sep-17,184.96,185.75,184.02,184.38,3.88B
14-Sep-17,184.39,185.04,183.91,184.24,5.19B
15-Sep-17,184.31,184.93,183.45,184.93,4.31B
18-Sep-17,185.03,185.19,184.16,185.12,3.20B
19-Sep-17,185.3,185.87,184.62,185.87,3.95B
20-Sep-17,185.94,186.13,185.09,185.65,4.21B
22-Sep-17,185.44,185.5,184.11,184.24,3.22B
25-Sep-17,184.25,184.53,183.28,183.81,3.22B
26-Sep-17,183.72,184.22,183.22,183.38,2.92B
27-Sep-17,183.56,183.64,182.66,183.17,3.10B
28-Sep-17,183.21,183.73,182.79,182.79,3.49B
29-Sep-17,182.99,184.56,182.93,184.23,3.15B
2-Oct-17,184.55,185.29,184.38,184.7,2.86B
3-Oct-17,184.82,186.03,184.21,185.7,3.59B
4-Oct-17,185.86,186.85,185.78,186.45,3.66B
5-Oct-17,186.43,186.55,184.67,184.67,3.62B
6-Oct-17,185.43,185.51,184.56,184.82,3.22B
9-Oct-17,184.9,185.31,184.63,184.88,2.73B
10-Oct-17,185.22,185.43,184.36,184.66,3.33B
11-Oct-17,184.56,184.67,182.58,183.61,3.62B
12-Oct-17,183.62,185.16,183.54,184.96,3.79B
13-Oct-17,184.9,185.64,184.77,185.64,3.76B
16-Oct-17,185.48,186.42,185.4,186.16,4.36B
17-Oct-17,186.05,186.24,184.87,185.59,3.13B
18-Oct-17,185.55,185.72,183.72,184.78,3.28B
19-Oct-17,184.37,184.6,183.97,184.12,3.76B
20-Oct-17,184.58,185.25,184.43,184.59,4.41B
23-Oct-17,184.91,185.37,184.74,184.96,3.78B
24-Oct-17,185.15,186.22,185.05,185.38,4.12B
25-Oct-17,185.57,187.11,185.53,187.11,4.18B
26-Oct-17,186.68,188,186.27,186.27,3.82B
27-Oct-17,186.47,187.23,185.26,185.46,3.04B
30-Oct-17,185.82,186.95,185.43,185.59,4.01B
31-Oct-17,187.64,187.69,185.85,185.85,3.68B
1-Nov-17,186.18,186.4,185.29,186.19,3.47B
2-Nov-17,186.73,187.63,185.84,185.88,3.28B
3-Nov-17,186.22,186.38,184.68,186.33,2.89B
6-Nov-17,185.96,186.92,185.69,186.74,4.27B
7-Nov-17,186.92,187.26,186.57,187.07,3.41B
8-Nov-17,186.71,186.72,185.43,185.86,5.15B
9-Nov-17,185.96,186.48,185.53,185.63,4.19B
10-Nov-17,185.25,185.71,184.7,184.7,4.03B
13-Nov-17,184.84,185.51,184.52,184.52,3.83B
14-Nov-17,184.65,185.1,183.83,183.83,3.96B
15-Nov-17,183.86,184.23,183,183,4.85B
16-Nov-17,183.25,184.48,183.24,183.93,3.94B
17-Nov-17,184.18,185.18,184.08,184.32,3.92B
20-Nov-17,184.82,185.08,183.63,183.63,4.11B
21-Nov-17,183.76,184.3,182.21,182.81,4.03B
22-Nov-17,182.99,184.04,182.97,183.89,4.09B
23-Nov-17,184.29,184.53,183.72,183.91,4.33B
24-Nov-17,183.83,184.09,183.2,184.09,4.13B
27-Nov-17,184,184.29,182.63,183.67,4.44B
28-Nov-17,183.22,183.37,181.68,182.6,4.05B
29-Nov-17,182.37,183.15,182.2,183.15,4.57B
30-Nov-17,182.87,183.07,180.16,180.16,7.02B
4-Dec-17,181.17,181.49,180.34,180.34,3.85B
5-Dec-17,180.65,181,179.1,179.33,4.24B
6-Dec-17,179.08,180.26,179.08,180,3.64B
7-Dec-17,179.98,180.76,179.87,180.24,3.43B
8-Dec-17,180.03,180.85,180.03,180.59,3.62B
11-Dec-17,180.57,181.06,180,180,3.11B
12-Dec-17,180.29,180.66,179.97,180.66,3.44B
13-Dec-17,180.63,181.59,180.59,181.59,3.25B
14-Dec-17,182.04,184.09,181.82,184.09,4.29B
15-Dec-17,183.62,184.86,182.96,184.86,3.17B
18-Dec-17,184.65,184.89,182.95,184.5,2.67B
19-Dec-17,183.92,185.57,183.82,185.57,3.13B
20-Dec-17,185.45,185.81,183.38,183.63,3.27B
21-Dec-17,184.08,185.75,184.01,185.54,3.48B
22-Dec-17,185.59,186.3,185.4,186.3,2.78B
27-Dec-17,186.09,187.29,186.09,187.29,2.87B
28-Dec-17,187.48,188.05,186.62,188.05,3.47B
29-Dec-17,188.24,189.98,188.23,189.86,3.75B
2-Jan-18,190.06,191.87,189.02,189.73,3.23B
3-Jan-18,189.79,189.9,185.79,186.67,2.92B
4-Jan-18,186.69,187.53,186.15,187.53,3.51B
5-Jan-18,187.23,189.49,187.14,189.49,3.73B
8-Jan-18,189.35,190.47,189.09,190.47,3.97B
9-Jan-18,190.5,190.79,189.51,189.93,4.50B
10-Jan-18,190.23,191.48,189.68,190.12,3.96B
11-Jan-18,190.19,190.46,189.29,190.41,7.82B
12-Jan-18,190.22,190.87,189.25,189.61,5.88B
15-Jan-18,189.97,190.42,189.38,190,4.88B
16-Jan-18,190.39,191.76,190.23,191.76,4.71B
17-Jan-18,191.55,192.79,191.28,192.79,5.50B
18-Jan-18,193.1,194,192.19,192.85,8.11B
19-Jan-18,193,193.3,192.13,193.19,4.95B
,,,,,
,Lowest:103.69,Difference:90.31,Average:155.73,Highest:194.00,Change %:57.46
